structure_id,target,target,target,target,target,target,target,target,target,prediction,prediction,prediction,prediction,prediction,prediction,prediction,prediction,prediction
mp-35841-1-1,-8.0574326e-05,-1.2483018e-11,-6.241509e-12,-1.2483018e-11,-8.057435e-05,-0.0,-6.241509e-12,-0.0,-8.057431e-05,-0.002711804,4.1897987e-05,2.96252e-05,4.1897987e-05,-0.0027600322,1.7056698e-05,2.96252e-05,1.7056698e-05,-0.0027722411
mp-777522-0-2,-0.0036849114,2.7071485e-06,0.00025038616,2.7135272e-06,0.0053270236,0.00030509566,0.00025041852,0.00030508378,0.003957038,-3.0324536e-05,-6.973575e-05,-1.633794e-05,-6.973575e-05,0.0015405465,0.00027543207,-1.633794e-05,0.00027543207,0.000883572
mp-1900-1-0,-0.016321035,0.00092651544,0.001820225,0.0009265026,-0.015544765,0.0013433775,0.0018202362,0.0013433789,-0.014140932,-0.01399577,5.3421696e-05,0.0012469236,5.3421696e-05,-0.01866649,0.00018075544,0.0012469236,0.00018075544,-0.015376139
mp-765157-0-2,-0.002221664,-0.0,-0.0,-0.0,-0.0029742739,-0.0,-0.0,-0.0,-0.0025361383,-0.0037142334,-2.775976e-09,-9.460022e-09,-2.775976e-09,-0.0058175037,4.0735326e-09,-9.460022e-09,4.0735326e-09,-0.0031571826
mp-762390-0-2,0.0017357302,0.00012273296,-0.0016820877,0.00012274813,0.0022752075,0.0018636382,-0.0016821171,0.0018636355,-0.00027562326,-0.0060916333,-0.0018688552,-0.001797939,-0.0018688552,-0.0050830385,0.0015545448,-0.001797939,0.0015545448,-0.0056873825
mp-973666-0-2,-6.593458e-05,-4.0096234e-05,-0.00077605963,-4.010943e-05,-0.0012521661,2.624657e-05,-0.0007761227,2.6260252e-05,-0.00094424305,0.008267392,6.4127735e-06,7.746396e-05,6.4127735e-06,0.008063406,8.521725e-06,7.746396e-05,8.521725e-06,0.007697438
mp-568908-0-1,0.0016761611,-0.0,-0.0,-0.0,0.0016761615,-0.0,-0.0,-0.0,-0.00025228955,0.014588626,0.00034789828,-8.182093e-09,0.00034789828,0.01499041,4.649296e-09,-8.182093e-09,4.649296e-09,0.013289841
mp-772122-1-0,-0.014531589,0.001289077,-0.0011288403,0.001289077,-0.014255473,0.0010143983,-0.0011288276,0.0010143869,-0.01061113,-0.016735403,0.0016144263,-0.0019605316,0.0016144263,-0.016389556,0.0017618021,-0.0019605316,0.0017618021,-0.011107284
mp-23758-1-0,-0.00076596666,5.01343e-06,2.5125557e-05,5.01343e-06,-0.0007709884,1.5516966e-05,2.5125557e-05,1.5516966e-05,-0.00069631904,0.00024454735,-7.4492855e-05,-0.00037338512,-7.4492855e-05,0.00031917784,-0.00023059401,-0.00037338512,-0.00023059401,-0.00079045724
mp-629397-1-2,0.0007244585,5.924815e-07,-1.327569e-07,5.70786e-07,0.0007250493,-3.6899178e-07,-7.6995256e-08,-3.4753972e-07,-0.0145839695,0.0035800105,-3.4734276e-05,-5.529109e-08,-3.4734276e-05,0.0035802454,-1.0605011e-07,-5.529109e-08,-1.0605011e-07,0.0032276288
mp-555201-1-1,0.0036386165,-0.0,-0.0,-0.0,0.0046023573,-0.0,-0.0,-0.0,0.0029928156,-0.0009960918,4.1158055e-09,2.5976234e-09,4.1158055e-09,-0.000361743,1.5001229e-08,2.5976234e-09,1.5001229e-08,-0.0013916182
mp-1009134-1-1,-0.32625458,-0.0,-0.0,-0.0,-0.32625458,-0.0,-0.0,-0.0,-0.33058143,-0.30024642,0.0010576899,1.3588702e-08,0.0010576899,-0.30024642,3.1656993e-09,1.3588702e-08,3.1656993e-09,-0.36403364
mp-8372-1-0,-0.00046797868,-0.0,-0.0,-0.0,-0.00046797868,-0.0,-0.0,-0.0,0.021652613,0.0018621429,-5.462066e-09,3.199563e-09,-5.462066e-09,0.0018621343,-3.9466554e-09,3.199563e-09,-3.9466554e-09,0.007775875
mp-973960-0-0,8.975991e-05,0.0,0.0,0.0,8.975991e-05,0.0,-0.0,-0.0,8.975991e-05,0.0043083006,-5.211864e-11,1.2797031e-09,-5.211864e-11,0.0043081725,-3.714773e-10,1.2797031e-09,-3.714773e-10,0.0043082503
mp-764231-1-0,-0.008789967,0.0007813211,-0.0006645588,0.00078133546,-0.0054114577,-0.0006614001,-0.00066457054,-0.00066141965,-0.0032292008,-0.015331248,0.0009749132,-0.00084997376,0.0009749132,-0.009154573,9.987073e-05,-0.00084997376,9.987073e-05,-0.007923251
mp-22600-0-1,0.00030192852,-0.0,-0.0,-0.0,-0.00022835609,-0.0,-0.0,-0.0,1.4232894e-05,0.0014463415,1.937607e-09,1.3496917e-10,1.937607e-09,0.0016143963,-2.3633673e-09,1.3496917e-10,-2.3633673e-09,0.00426946
mp-767158-1-1,0.019845424,0.00021132959,-0.0,0.00021132959,0.020091092,-0.0,-0.0,-0.0,0.02066544,0.011799019,0.0007214386,-7.055068e-09,0.0007214386,0.012637647,4.3650555e-08,-7.055068e-09,4.3650555e-08,0.015103917
mp-850481-1-1,-0.0010566077,-0.000283878,-0.0009777718,-0.0002838795,0.00052927335,-0.0001005919,-0.0009777724,-0.00010059095,-0.00035292594,-0.0055686818,-0.00032710287,-0.0019250185,-0.00032710287,-0.0010819328,0.00040306442,-0.0019250185,0.00040306442,-0.0038290299
mp-754514-1-1,0.004536975,0.00043057292,-0.0,0.00043057182,0.010083524,-0.0,-0.0,-0.0,0.0015433818,0.013237653,-0.005462148,-3.3095244e-08,-0.005462148,0.008250589,1.8892525e-08,-3.3095244e-08,1.8892525e-08,-0.0021742857
mp-777698-1-4,0.007466357,7.0529055e-10,0.005465704,7.0529055e-10,0.007246097,5.1180377e-10,0.0054657,5.1180377e-10,0.0050878744,0.0045088013,-0.0002991038,0.003781259,-0.0002991038,0.010202502,-0.00017401404,0.003781259,-0.00017401404,0.003725466
mp-775093-1-0,0.0050770775,0.00022000095,8.364446e-06,0.00021999948,0.0050780275,-8.144626e-06,8.360077e-06,-8.146311e-06,0.0018996664,-0.0009214049,8.2774415e-05,6.267114e-05,8.2774415e-05,-0.0009217049,-6.344301e-05,6.267114e-05,-6.344301e-05,-0.0019295919
mp-543011-1-1,0.0030831667,-2.4168372e-07,-4.7635945e-06,-2.4168372e-07,0.0030834423,-2.764252e-06,-4.7635945e-06,-2.764252e-06,0.0030290473,0.0040839943,-5.931125e-06,-0.00011688505,-5.931125e-06,0.0040907473,-6.7827175e-05,-0.00011688505,-6.7827175e-05,0.002756616
mp-28603-0-14,8.139879e-05,-0.0,-0.0,-0.0,-0.00011087085,-0.0,-0.0,-0.0,-0.00013049033,0.00024782587,-6.985535e-10,1.3198461e-09,-6.985535e-10,-0.0013972977,1.5373839e-09,1.3198461e-09,1.5373839e-09,-0.0021391008
mp-771812-1-0,-0.046571728,-0.001523788,-0.0022429284,-0.0015238067,-0.04204419,-0.0005703379,-0.0022429186,-0.00057037495,-0.044122085,-0.03995632,0.0012800897,0.0013139569,0.0012800897,-0.043928202,0.000597292,0.0013139569,0.000597292,-0.04406379
mp-675585-0-14,0.009507211,0.0036539412,-0.0022659686,0.0036539412,0.009476067,-0.0019510596,-0.0022659458,-0.0019510454,0.0068625757,0.006964778,0.003949943,-0.0028748673,0.003949943,0.0078458125,-0.0019462961,-0.0028748673,-0.0019462961,0.0029600412
mp-763910-1-0,-0.026745228,-0.0017305007,-0.0018435306,-0.0017304952,-0.042084273,0.01184785,-0.0018435532,0.011847832,-0.017812602,-0.035222333,6.6977795e-05,0.0005248851,6.6977795e-05,-0.036086623,0.0010586235,0.0005248851,0.0010586235,-0.01682833
mp-23156-0-3,0.00021724576,-0.0,-0.0,-0.0,0.00021724576,-0.0,-0.0,-0.0,0.00019516512,-0.0009079034,0.00035088658,-3.7082073e-09,0.00035088658,-0.00050272624,-9.881032e-10,-3.7082073e-09,-9.881032e-10,-0.001549702
mp-1007821-0-0,0.0006515452,-0.0,-0.0,0.0,0.0006515452,0.0,-0.0,-0.0,0.0006515452,-5.5048367e-05,2.8436575e-06,-2.847054e-06,2.8436575e-06,-5.504801e-05,-2.8448976e-06,-2.847054e-06,-2.8448976e-06,-5.504576e-05
mp-754092-1-0,0.0031736288,-0.0,-0.0,-0.0,-0.0016527605,-0.0,-0.0,-0.0,0.007071929,0.011220767,-2.8727358e-09,-8.688643e-10,-2.8727358e-09,0.0074349493,-7.778016e-09,-8.688643e-10,-7.778016e-09,0.020003323
mp-770583-1-1,0.013913745,0.0007369574,0.00050512847,0.0007369477,0.012906504,0.0002666339,0.00050514267,0.000266607,0.012700283,0.015462727,0.0004596011,0.0003150133,0.0004596011,0.014834674,0.00016622752,0.0003150133,0.00016622752,0.014706148
mp-865026-1-1,0.038355555,-0.0,-0.0,-0.0,0.038355555,-0.0,-0.0,-0.0,0.038355555,0.018273419,4.353825e-05,4.3525684e-05,4.353825e-05,0.018273413,4.353128e-05,4.3525684e-05,4.353128e-05,0.018273408
mp-770193-1-2,0.00815886,-1.0470444e-05,-1.4433509e-05,-1.0496577e-05,0.011287072,0.0008067209,-1.441255e-05,0.0008066903,0.0117527675,0.009063814,-1.4077166e-05,0.0001296498,-1.4077166e-05,0.0049493653,0.001095399,0.0001296498,0.001095399,0.007554611
mp-774430-1-0,-0.0038192347,-0.0,-0.0,-0.0,-0.0025075963,-0.0,-0.0,-0.0,0.0002503538,0.0029159982,1.4726406e-05,3.854762e-09,1.4726406e-05,-0.0025485682,5.172653e-09,3.854762e-09,5.172653e-09,0.00021665383
mvc-12404-0-2,-0.0023210135,-4.047057e-06,-0.00016009319,-4.037776e-06,-0.0015164282,1.7709826e-05,-0.00016010783,1.7706394e-05,-0.0015645197,0.0023880536,-0.00010108945,0.00048672713,-0.00010108945,-9.135421e-05,0.00016123368,0.00048672713,0.00016123368,-0.00016436982
mp-626778-0-2,0.0037673167,-0.00031364596,-2.7102637e-05,-0.00031364916,-0.0014833033,0.00018237172,-2.7111244e-05,0.00018236133,-0.0006141105,-0.0011065671,-0.00031521523,-6.349475e-05,-0.00031521523,-0.004990903,7.7508135e-05,-6.349475e-05,7.7508135e-05,-0.0022987924
mp-561491-1-5,0.007027465,-0.0012986563,0.0022337467,-0.0012986563,0.0054920223,0.0039153895,0.002233742,0.0039153816,0.008119345,0.0049309977,-0.0007063325,0.0020676488,-0.0007063325,0.0040959106,0.0036243503,0.0020676488,0.0036243503,0.01095341
mp-765923-1-1,0.01073797,0.0045011872,0.0012012394,0.0045011872,0.007814177,-0.001653146,0.0012012039,-0.0016530971,0.0027705424,0.01247888,0.004230157,0.0005310622,0.004230157,0.009731088,-0.00073088054,0.0005310622,-0.00073088054,0.004480152
mp-765793-0-2,-0.0012537525,0.00018874308,-2.9895118e-05,0.00018871167,-0.0033313574,-0.00019764349,-2.9898889e-05,-0.00019764216,-0.0034622941,-0.0023400744,0.0016095478,0.0008447137,0.0016095478,-0.0023168623,-3.6744503e-05,0.0008447137,-3.6744503e-05,-0.0005073586
mp-546125-1-0,-0.06372748,-0.0059102196,0.0043170922,-0.0059102136,-0.07142019,0.0079919845,0.004317085,0.00799198,-0.06637258,-0.062406525,-0.0038179574,0.0027969957,-0.0038179574,-0.067389295,0.005164868,0.0027969957,0.005164868,-0.06412278
mp-942702-0-2,-0.0027416213,-0.0016640559,5.057704e-05,-0.0016640534,-0.0015918367,0.0007804891,5.056689e-05,0.0007804861,-0.0057867905,-0.0019160158,-0.001033991,0.00023272174,-0.001033991,-0.00042359572,0.000767974,0.00023272174,0.000767974,-0.00672802
mp-9069-1-0,-0.006201184,-0.00020206523,-0.00048356922,-0.00020206523,-0.006458906,-0.00050755043,-0.00048356922,-0.00050755043,-0.007223302,-0.0060990774,-0.00013437087,8.109639e-05,-0.00013437087,-0.0052590314,-0.00033751977,8.109639e-05,-0.00033751977,-0.0059276633
mp-616827-0-1,-0.0008139143,-0.0,-0.0,-0.0,-0.00081391435,-0.0,-0.0,-0.0,-6.371983e-05,-0.0004370964,-4.8607955e-08,-3.6836752e-08,-4.8607955e-08,-0.00043715184,-8.073278e-08,-3.6836752e-08,-8.073278e-08,-0.0007391499
mp-676210-1-12,0.00022209565,-0.008284034,-0.00015403962,-0.008284034,0.006079793,-0.00010892248,-0.00015403784,-0.000108921224,0.00804977,0.002363625,-0.005176634,-0.00057117786,-0.005176634,0.0060240505,-0.00040388273,-0.00057117786,-0.00040388273,0.008772422
mp-763-0-0,9.743452e-05,-0.0,-0.0,-0.0,9.743452e-05,-0.0,-0.0,-0.0,0.00011057303,0.0018239198,-9.988117e-05,3.194916e-09,-9.988117e-05,0.0017085688,-2.9726946e-10,3.194916e-09,-2.9726946e-10,-0.002912906
mp-763849-1-0,-0.19934496,-0.00026651687,0.0018859643,-0.00026654813,-0.19958869,-0.00049741624,0.0018859905,-0.0004973907,-0.103203245,-0.2353421,8.525479e-06,-0.00024599626,8.525479e-06,-0.23573229,8.018476e-05,-0.00024599626,8.018476e-05,-0.09280847
mp-976775-0-2,0.0012230104,2.0552041e-07,1.7734624e-07,2.1792229e-07,0.00073792244,2.1425228e-07,1.5136908e-07,2.1915811e-07,0.0006824447,0.0011074884,-2.4248006e-08,-3.4165728e-09,-2.4248006e-08,0.0006522621,2.0155941e-08,-3.4165728e-09,2.0155941e-08,0.0005094189
mp-11342-0-3,-2.4205265e-05,-3.346822e-06,-2.4017314e-05,-3.346822e-06,-2.0613033e-05,-1.4368141e-05,-2.4017314e-05,-1.4368141e-05,-0.00012171883,0.0007037346,5.6851095e-05,0.00040796743,5.6851095e-05,0.00064272055,0.00024407386,0.00040796743,0.00024407386,0.0023602194
mp-1287-1-17,5.8957547e-05,-0.0,-0.0,-0.0,5.8957547e-05,-0.0,-0.0,-0.0,0.0001444164,-0.002922313,6.4936106e-10,7.669499e-10,6.4936106e-10,-0.0029223105,8.1976853e-10,7.669499e-10,8.1976853e-10,-0.0010634168
mp-28027-0-183,5.338223e-05,-0.0,-0.0,-0.0,0.00012928942,-0.0,-0.0,-0.0,-0.0002296233,0.0072484766,-1.2242789e-08,9.9941335e-09,-1.2242789e-08,0.005741971,-5.4890723e-09,9.9941335e-09,-5.4890723e-09,0.0049999347
mp-28166-1-1,-0.0013725117,-0.0,-0.0,-0.0,-0.0013725117,-0.0,-0.0,-0.0,-0.0013725117,-0.0015249583,5.9808253e-10,-1.1705327e-10,5.9808253e-10,-0.0015249561,-6.6330186e-10,-1.1705327e-10,-6.6330186e-10,-0.001524964
mvc-2863-0-4,0.00094637985,-0.0009042476,-4.6174746e-06,-0.0009042474,-0.003388364,-0.0013594325,-4.617356e-06,-0.0013594325,-0.001607053,-0.00096670736,-0.001371667,0.0009622462,-0.001371667,-0.0067958175,-0.0013368962,0.0009622462,-0.0013368962,-0.008407196
mp-1001117-1-0,0.1456658,1.0787544e-05,-6.338995e-05,1.0787544e-05,0.14565332,-3.65982e-05,-6.338719e-05,-3.6596608e-05,0.11057546,0.14098296,-2.7492082e-05,7.8612345e-07,-2.7492082e-05,0.14101478,4.6278154e-07,7.8612345e-07,4.6278154e-07,0.11240287
mp-764047-1-3,-0.0004812535,-0.0011798027,1.0547926e-05,-0.0011797928,-0.0010944216,-3.657337e-07,1.0531305e-05,-3.5969816e-07,-0.003483003,-0.0029491452,-9.659671e-05,1.0026999e-05,-9.659671e-05,-0.0050197504,5.324189e-06,1.0026999e-05,5.324189e-06,-0.006706165
mp-722515-0-2,0.0038876864,-0.0,0.0046298467,-0.0,0.00394367,-0.0,0.0046298443,-0.0,0.0042151636,-0.00010298355,-6.999553e-09,0.0036122487,-6.999553e-09,0.0015051048,-2.895789e-10,0.0036122487,-2.895789e-10,0.0044538896
mp-764697-1-0,-0.0051954538,-0.00030191036,-0.000547274,-0.00030191004,-0.013390683,0.00010302974,-0.0005472902,0.000103045895,-0.005511744,-0.009446104,-0.0001317158,-9.706603e-05,-0.0001317158,-0.012130769,-8.591349e-05,-9.706603e-05,-8.591349e-05,-0.0039567305
mp-973316-0-0,-0.00015090658,3.1207547e-11,-0.0,3.1207547e-11,-0.00015090659,0.0,-0.0,-0.0,0.00033389305,-0.003434673,-2.6594916e-08,1.3575825e-09,-2.6594916e-08,-0.0034345102,5.1463095e-10,1.3575825e-09,5.1463095e-10,-0.0020807749
mp-7-1-0,-0.016052658,0.0020644283,0.0005054182,0.0020644278,-0.01149653,0.0013103865,0.0005054204,0.0013103855,-0.0165281,-0.017639436,0.0010160201,0.0002487354,0.0010160201,-0.015397108,0.0006449279,0.0002487354,0.0006449279,-0.017873451
mp-768069-0-2,-0.0032439202,-0.0,-0.0,-0.0,-0.004335974,-0.0003161453,-0.0,-0.00031615162,-0.0009620215,-0.0134611875,-5.9027534e-09,5.764991e-09,-5.9027534e-09,-0.01696564,0.0009229811,5.764991e-09,0.0009229811,-0.00234979
mp-767352-1-2,-0.0060492065,-7.500959e-05,-9.898971e-07,-7.500959e-05,-0.005962701,-5.679149e-07,-9.959451e-07,-5.7141017e-07,-0.0043026414,0.0010352863,8.986008e-06,2.5684827e-07,8.986008e-06,0.0010245227,1.4881982e-07,2.5684827e-07,1.4881982e-07,0.008810298
mp-778560-0-2,0.0058478913,0.0013854464,0.0004777401,0.0013854363,0.0027414495,0.0010623331,0.00047772922,0.0010623228,0.002590669,0.0016686348,0.0009613757,6.516472e-05,0.0009613757,0.0018997927,-9.4204814e-05,6.516472e-05,-9.4204814e-05,0.0011985458
mp-35220-1-0,-0.16548125,-0.00034995042,0.04138395,-0.00034995325,-0.18592724,0.04191872,0.041383944,0.041918725,-0.12388475,-0.15377018,-0.00048544363,0.033645555,-0.00048544363,-0.19710027,0.040457774,0.033645555,0.040457774,-0.12524702
mp-1121-1-1,0.00664901,-0.0,-0.0,-0.0,0.00664901,-0.0,-0.0,-0.0,0.00664901,0.0057204077,2.747242e-05,2.7461574e-05,2.747242e-05,0.0057204287,2.74612e-05,2.7461574e-05,2.74612e-05,0.005720406
mp-999068-1-0,0.00085667305,-0.0,0.0,0.0,0.00085667305,0.0,0.0,-0.0,0.00085667305,0.00066859927,-2.3631543e-09,1.543118e-09,-2.3631543e-09,0.0006685971,1.893682e-09,1.543118e-09,1.893682e-09,0.0006685954
mp-767263-1-6,0.004368019,0.0017940103,0.00075418426,0.0017940046,0.0019028503,0.0028988102,0.0007541725,0.002898825,0.004354213,-0.0006464932,0.001516703,-0.00029649818,0.001516703,-0.00070276915,0.0032961844,-0.00029649818,0.0032961844,0.0014081789
mp-761471-1-0,0.0029344761,-0.0,-0.0,-0.0,0.0029344766,2.059698e-10,-0.0,2.059698e-10,0.002934476,0.0009176939,-1.0069794e-08,-1.4584305e-08,-1.0069794e-08,0.0009178185,-6.596592e-08,-1.4584305e-08,-6.596592e-08,0.0009177887
mp-7907-0-1,2.1953467e-05,-1.7313635e-06,-3.1233012e-06,-1.7286296e-06,2.123573e-05,-3.8392336e-06,-3.1248178e-06,-3.838004e-06,1.6429593e-05,0.0047266246,-7.239866e-05,-0.00013075751,-7.239866e-05,0.004696603,-0.00016065406,-0.00013075751,-0.00016065406,0.004495422
mp-984711-1-2,0.01638688,-0.0,-0.0,-0.0,0.01638688,-0.0,-0.0,-0.0,0.01638688,0.007206406,4.9415867e-11,1.1638767e-09,4.9415867e-11,0.007206411,7.304724e-10,1.1638767e-09,7.304724e-10,0.0072064
mp-971857-1-0,-0.0038990271,0.0,0.0,-0.0,-0.0038990271,-0.0,0.0,-0.0,-0.0038990271,-0.0067511825,-2.5222112e-08,-1.7253585e-08,-2.5222112e-08,-0.0067511955,-2.351541e-08,-1.7253585e-08,-2.351541e-08,-0.006751196
mp-19202-1-3,-0.0028850765,-0.0,-0.0,-0.0,-0.0028850765,-0.0,-0.0,-0.0,-0.0028850765,0.0023449387,-9.6428145e-08,-2.546172e-08,-9.6428145e-08,0.0023445606,8.61369e-09,-2.546172e-08,8.61369e-09,0.002344605
mp-754549-1-0,-0.01762639,-0.0,-0.0,-0.0,-0.013171062,-0.0,-0.0,-0.0,-0.012690623,-0.014445244,7.170065e-09,2.0399081e-10,7.170065e-09,-0.0091075385,-8.147094e-09,2.0399081e-10,-8.147094e-09,-0.007139314
mp-768046-1-2,0.0144992685,-0.0,-0.0,-0.0,0.008330528,-0.00045622015,-0.0,-0.00045622015,0.008330528,0.01481563,-5.459862e-07,-4.7967046e-07,-5.459862e-07,0.008721618,-0.0009094686,-4.7967046e-07,-0.0009094686,0.008721538
mp-762265-1-6,-0.0021628754,0.00639803,-0.005496709,0.006398022,-0.006440393,-0.00075448875,-0.0054966593,-0.0007545335,-0.011002287,-7.8551886e-05,0.0036199554,-0.0025834444,0.0036199554,-0.0028735262,-0.0007022063,-0.0025834444,-0.0007022063,-0.0006010141
mvc-16738-1-1,0.013305341,0.00025729486,0.0003692954,0.00025729486,0.013452894,0.0004900708,0.0003692954,0.0004900708,0.0138148535,0.011508015,-6.8365756e-05,-9.822531e-05,-6.8365756e-05,0.011469047,-0.00013016918,-9.822531e-05,-0.00013016918,0.011372844
mp-8818-1-0,-0.004117765,6.1697225e-05,0.000210277,6.1697225e-05,-0.0041085845,0.0002265031,0.000210277,0.0002265031,-0.0034030727,-0.0016811566,-0.00021902738,-0.00072422065,-0.00021902738,-0.0017137702,-0.00078008353,-0.00072422065,-0.00078008353,-0.004070637
mp-9143-1-5,-0.00050691504,5.876561e-05,0.0001523542,5.876615e-05,-0.000550353,0.00010611848,0.000152354,0.00010611878,-0.00031616603,0.001928804,-0.00023521844,-0.0006099014,-0.00023521844,0.0021027534,-0.00042479398,-0.0006099014,-0.00042479398,0.0011651727
mp-1018149-1-6,0.003305847,-0.0,0.0,-0.0,0.003305847,-0.0,0.0,-0.0,-0.0031431997,-0.004451964,-1.8447754e-05,0.00015322246,-1.8447754e-05,-0.004451969,0.00015322096,0.00015322246,0.00015322096,-0.009525318
mp-765398-1-0,-0.0044481503,-0.0,-0.0,-0.0,-0.0014957312,-0.0,-0.0,-0.0,-0.0020124428,-0.009948366,4.1185246e-09,-1.47458925e-08,4.1185246e-09,-0.0018416817,8.888542e-09,-1.47458925e-08,8.888542e-09,-0.003562384
mp-764243-1-0,-0.013880556,0.0015464226,0.0016830079,0.0015464465,-0.018399453,2.8581524e-05,0.0016830048,2.8549843e-05,-0.017435195,-0.016687866,0.0007212713,0.0017100775,0.0007212713,-0.020516682,0.001734709,0.0017100775,0.001734709,-0.020215709
mp-688785-0-2,0.00046614106,-0.00097076077,1.3727576e-05,-0.00097076315,0.0010090617,-0.00067335524,1.3756991e-05,-0.0006733416,0.00095022627,-0.0015651477,0.00042940013,-0.002812035,0.00042940013,0.0011467524,-0.0018243211,-0.002812035,-0.0018243211,-0.0016086549
mp-776939-1-0,-0.017718235,-0.0,-0.0,-0.0,-0.017718235,-0.0,-0.0,-0.0,-0.030464917,-0.019514337,5.382193e-09,8.877844e-09,5.382193e-09,-0.019514367,2.7965209e-08,8.877844e-09,2.7965209e-08,-0.025556523
mp-690577-0-2,-0.005644889,0.00028580957,-5.6797733e-10,0.00028580957,-0.004937544,-3.3079997e-10,-5.6797733e-10,-3.3079997e-10,-0.004836495,0.0010531264,-5.3038835e-05,4.4901447e-09,-5.3038835e-05,0.0009218904,3.0126426e-08,4.4901447e-09,3.0126426e-08,0.00090306654
mp-502-1-0,-0.019141812,0.00029639638,-0.0,0.00029640822,-0.021956826,-0.0,-0.0,-0.0,-0.022690888,-0.016225059,0.00026216998,1.1045452e-09,0.00026216998,-0.017430829,1.7241254e-09,1.1045452e-09,1.7241254e-09,-0.014805033
mp-733-0-9,9.23238e-05,-0.0,-0.0,-0.0,9.23238e-05,-0.0,-0.0,-0.0,-5.226347e-05,-9.9849814e-05,3.7009283e-08,3.416165e-08,3.7009283e-08,-9.9837736e-05,-3.2938405e-09,3.416165e-08,-3.2938405e-09,0.0056538596
mp-674531-1-15,-0.0016590776,-6.0817285e-05,5.131963e-05,-6.082607e-05,-0.0019069564,-0.00011039675,5.132131e-05,-0.00011039933,-0.0015592532,0.0026569152,4.425358e-05,0.0008027184,4.425358e-05,-0.0011627722,9.693769e-05,0.0008027184,9.693769e-05,0.0031467758
mp-27500-1-3,-0.0014562962,0.00096440664,-0.0,0.0009643868,-0.004636139,-0.0,-0.0,-0.0,-0.0018678755,0.00011997673,0.001810326,-3.0208653e-08,0.001810326,-0.0052285776,-2.1586633e-08,-3.0208653e-08,-2.1586633e-08,-0.0023397165
mp-780030-1-0,-0.050196875,0.032365024,0.009166734,0.03236505,-0.048779514,0.00643541,0.0091667455,0.0064354027,-0.114621446,-0.049179938,0.032491338,0.0063787,0.032491338,-0.04817344,0.004985055,0.0063787,0.004985055,-0.12359706
mp-4280-1-6,-0.00061300496,-0.00020822027,-0.0013430801,-0.00020822027,-0.00039311382,-0.0008096354,-0.0013430801,-0.0008096354,-0.0054899734,-0.0037656017,-0.0001084141,-0.0006993912,-0.0001084141,-0.0036510832,-0.00042156733,-0.0006993912,-0.00042156733,-0.0063052303
mp-3925-0-1,-6.38769e-05,-0.0,-0.0,-0.0,-6.38769e-05,-0.0,-0.0,-0.0,-6.38769e-05,0.0009420243,-1.0022339e-09,-1.5220097e-08,-1.0022339e-09,0.0009420429,9.723134e-09,-1.5220097e-08,9.723134e-09,0.00094203575
mp-784631-1-0,-0.0010557768,-0.0,-0.0,-0.0,-0.0048620035,-0.0,-0.0,-0.0,-0.007917957,-0.011063271,-0.00043715662,-2.7102958e-05,-0.00043715662,-0.016635522,-3.727292e-05,-2.7102958e-05,-3.727292e-05,-0.017289147
mp-3496-1-0,-0.03983813,0.001606878,0.0035288073,0.0016068782,-0.008435861,0.005760215,0.0035288073,0.0057602143,-0.028172731,-0.04172719,0.0009035589,0.0057376577,0.0009035589,-0.0064939344,0.003239023,0.0057376577,0.003239023,-0.022759892
mp-19111-1-9,0.0031143609,-0.0,-0.0,-0.0,-0.024461461,-0.0,-0.0,-0.0,-0.00039045766,-0.00010635708,-4.4798366e-08,-2.8902025e-10,-4.4798366e-08,-0.021107623,-3.3166506e-07,-2.8902025e-10,-3.3166506e-07,-0.0009563611
mp-763106-1-1,0.020000853,0.002620205,0.0012260107,0.0026202062,0.020077389,0.0010393277,0.0012259963,0.0010393306,0.021593727,0.015032398,0.0017405897,0.0003178306,0.0017405897,0.015432934,0.00026856054,0.0003178306,0.00026856054,0.01950548
mp-21282-1-11,0.0074756905,3.4265886e-09,-0.0,-3.4265886e-09,0.0074756905,-0.0,-0.0,-0.0,0.00013883416,0.004755544,3.6702698e-08,2.6165134e-08,3.6702698e-08,0.004755506,-2.1490571e-08,2.6165134e-08,-2.1490571e-08,-0.0021689928
mp-1017532-1-0,0.009648655,-0.0,-0.0,-0.0,0.009479944,-0.0,-0.0,-0.0,0.00027965158,0.008667965,0.000853122,-6.0569283e-10,0.000853122,0.009638053,4.017452e-09,-6.0569283e-10,4.017452e-09,0.042705566
mp-849065-0-6,0.0016608377,-0.0,-0.0,-0.0,0.0016608373,-0.0,-0.0,-0.0,0.0046110386,0.032859873,-1.3280019e-09,-2.5077345e-09,-1.3280019e-09,0.032470915,-1.6470099e-07,-2.5077345e-09,-1.6470099e-07,0.00047792442
mp-571281-1-0,-0.015557146,-0.0,9.2374336e-10,-0.0,-0.015557144,1.6040679e-09,9.2374336e-10,1.6040679e-09,-0.015557149,-0.018772827,-3.068837e-09,-6.8435185e-08,-3.068837e-09,-0.018772893,-3.6301504e-08,-6.8435185e-08,-3.6301504e-08,-0.018772636
mvc-3263-1-0,-0.024221806,-0.008763829,-0.0006301042,-0.008763829,-0.020075126,-0.00022510096,-0.0006301042,-0.00022510091,-0.039004188,-0.019402312,-0.006189024,-0.00026116482,-0.006189024,-0.018902512,7.5048934e-05,-0.00026116482,7.5048934e-05,-0.0332629
mp-558256-1-2,0.009763556,-4.6653535e-05,-0.0,-4.6660898e-05,0.012277224,-0.0,-0.0,-0.0,0.010276744,0.0046445876,0.0006538024,-1.9441377e-08,0.0006538024,0.001947175,7.717241e-09,-1.9441377e-08,7.717241e-09,0.021484073
mp-1008632-0-0,0.0006764205,0.0001754734,1.4574847e-05,0.00017553545,0.00089346955,-8.4606145e-05,1.4628244e-05,-8.457694e-05,-0.0025066857,-0.004852814,0.0012527844,-0.00059828267,0.0012527844,-0.0035876199,0.0003903573,-0.00059828267,0.0003903573,0.0022385493
mp-6959-1-0,-0.011711465,-0.0,-0.0,-0.0,-0.011711465,-0.0,-0.0,-0.0,-0.010417797,-0.009042951,0.00011611187,7.891143e-05,0.00011611187,-0.008908887,-4.5546632e-05,7.891143e-05,-4.5546632e-05,-0.005298871
mp-776527-1-1,-0.0052005025,0.0011115145,0.0008017862,0.0011115158,-0.0011823542,-0.0022338172,0.0008018081,-0.0022338033,0.0011502396,-0.0057277516,0.0011584233,0.0005801371,0.0011584233,-0.0016445238,-0.0021586632,0.0005801371,-0.0021586632,0.00040839872
mp-715614-0-10,-0.001626678,-0.0008794741,8.775693e-06,-0.0008794354,-0.0063041,-0.00012775173,8.838201e-06,-0.00012771612,-0.006283274,-0.004714735,-0.0012673065,-0.0007897899,-0.0012673065,-0.0050594397,0.0017073376,-0.0007897899,0.0017073376,-0.005725442
mvc-11311-1-0,-0.66021,2.0149027e-06,-4.4588094e-07,2.0092916e-06,-0.8901901,-1.47935e-05,-4.509428e-07,-1.4806464e-05,-0.70445204,-0.6587201,2.635257e-06,-1.3273496e-08,2.635257e-06,-0.9194946,2.8064246e-06,-1.3273496e-08,2.8064246e-06,-0.69437236
mp-756173-0-2,-0.005135516,-0.0,-0.0,-0.0,-0.0041057537,-0.0,-0.0,-0.0,-0.005278152,-0.0010443779,1.1885396e-09,-2.1014877e-09,1.1885396e-09,-0.0010302922,5.621247e-10,-2.1014877e-09,5.621247e-10,-0.0010397548
mp-765183-1-2,0.0032857473,-2.779344e-07,-1.2470535e-07,-2.7070672e-07,0.00017089382,-9.74362e-08,-1.2762014e-07,-8.080882e-08,-0.003443663,-0.009111662,-9.907995e-08,-1.3801694e-07,-9.907995e-08,-0.00339108,-5.7466248e-05,-1.3801694e-07,-5.7466248e-05,0.00090667885
mp-3237-0-5,-0.00014655765,3.800224e-05,-0.0,3.795372e-05,4.5810802e-06,-0.0,-0.0,-0.0,0.000110517925,0.002233301,0.00033502906,-2.2241644e-09,0.00033502906,-0.0023348676,1.0381164e-09,-2.2241644e-09,1.0381164e-09,-0.002022818
mp-15641-1-6,-0.00021113479,-0.0,-0.0,-0.0,0.000184766,-0.0,-0.0,-0.0,0.00040817485,-0.0024916483,9.999799e-12,-3.454661e-10,9.999799e-12,0.00025709803,-1.8429002e-09,-3.454661e-10,-1.8429002e-09,-0.0032497894
mp-556788-1-0,-0.028833324,0.0016306901,-0.006587604,0.0016306896,-0.059392437,0.0005731591,-0.0065876027,0.0005731611,-0.047112968,-0.026063722,0.002190085,-0.0032504469,0.002190085,-0.0545524,0.0029449905,-0.0032504469,0.0029449905,-0.04202468
mp-1023515-1-6,0.005958082,-0.0,-0.0,-0.0,0.005958081,-0.0,0.0,-0.0,0.008831474,-0.0004113928,1.03983815e-07,1.8613969e-09,1.03983815e-07,-0.00041129434,4.8545273e-10,1.8613969e-09,4.8545273e-10,-3.077219e-05
mvc-4001-0-2,-0.0023618944,-1.1008399e-06,-0.00013290385,-1.1127175e-06,0.00091857504,-5.6327674e-05,-0.00013291126,-5.6360284e-05,-0.0027897197,0.011570314,6.598151e-06,-3.831503e-05,6.598151e-06,0.011765745,-2.2285529e-05,-3.831503e-05,-2.2285529e-05,0.015346744
mvc-14335-1-1,0.0049854484,-0.0018576047,-0.0033629218,-0.0018576022,0.0064334306,0.0012057481,-0.0033629178,0.0012056999,0.004129306,0.004167922,-0.0003330868,-0.0013037163,-0.0003330868,0.004919694,9.939677e-05,-0.0013037163,9.939677e-05,0.0037282996
mp-761290-1-0,-0.04315171,0.010536983,0.0064471685,0.010536983,-0.07520291,0.001929666,0.0064471685,0.001929666,-0.077176,-0.04918859,0.010652894,0.006517862,0.010652894,-0.081592485,0.0019507725,0.006517862,0.0019507725,-0.08358726
mvc-11655-1-0,-0.05033544,0.0050922893,0.015380509,0.0050922893,-0.054499466,0.010327967,0.015380509,0.010327967,-0.026724812,-0.047865763,0.0035850955,0.010827917,0.0035850955,-0.050797075,0.0072712433,0.010827917,0.0072712433,-0.031243192
mp-780770-1-6,-0.006639268,-0.0030413945,-0.0,-0.0030413873,-0.006978698,-0.0,-0.0,-0.0,-0.017319513,-0.009199397,-0.0022622726,-1.0566584e-08,-0.0022622726,-0.0062003317,-1.8424007e-08,-1.0566584e-08,-1.8424007e-08,-0.016379006
mvc-6423-1-5,-0.0014144335,-0.0019997193,0.00074007106,-0.0019997193,0.0019329088,0.00092971575,0.0007400712,0.0009297156,0.0026706983,0.008766859,0.0014072064,0.0001593601,0.0014072064,0.0059219776,-0.00060709834,0.0001593601,-0.00060709834,0.008241567
mp-772130-1-0,-0.006172989,-0.002912154,-0.002059204,-0.002912154,-0.002810323,-0.0011888822,-0.002059204,-0.0011888822,-0.0019696567,-0.0070405346,-0.0019951959,-0.0014107578,-0.0019951959,-0.004736911,-0.00081448496,-0.0014107578,-0.00081448496,-0.004160832
mp-545974-0-2,0.0006184124,4.5731537e-07,-1.9776846e-07,4.5911918e-07,0.00061870844,-9.201233e-08,-1.9249438e-07,-9.359767e-08,0.00081605976,0.00076089357,4.4425875e-07,-1.4058702e-07,4.4425875e-07,0.00076115277,-1.2841808e-08,-1.4058702e-07,-1.2841808e-08,0.0010017996
mp-771529-1-3,-0.00043228338,-0.00095398247,0.0005697002,-0.00095399277,0.00085834577,-8.310277e-05,0.0005696898,-8.310444e-05,0.0042515346,0.0015995,0.00027368098,-0.00060604414,0.00027368098,0.002922469,0.0004200289,-0.00060604414,0.0004200289,0.00012913595
mp-556439-1-8,0.006147254,0.0005960923,-0.004593565,0.00059609226,-0.0028540138,0.002159528,-0.004593565,0.0021595282,-0.009226391,0.0067274384,-0.00021728042,-0.0029382322,-0.00021728042,0.0006169554,-0.000787246,-0.0029382322,-0.000787246,-0.0031062134
mp-849244-1-0,0.0030544675,0.001141322,-0.0011413213,0.0011413164,0.0031032586,-0.00024854983,-0.0011413158,-0.00024854983,0.0031032576,0.0014338855,0.0008134938,-0.0008135776,0.0008134938,-0.00021078189,-0.00095753564,-0.0008135776,-0.00095753564,-0.0002104738
mp-766963-0-2,0.0011721452,0.00041289392,0.00030872363,0.00041289392,0.0016489142,-0.00017824181,0.00030872363,-0.00017824181,0.0011858327,-0.0018432938,0.0013200727,-0.0002453201,0.0013200727,-0.00031889632,0.00014167065,-0.0002453201,0.00014167065,-0.0028057296
mp-30675-0-3,0.0004666246,-0.0,-0.0,-0.0,0.0004666246,-0.0,-0.0,-0.0,0.00034875932,0.0034915227,3.7029252e-10,-1.8022067e-09,3.7029252e-10,0.0034915232,6.738705e-10,-1.8022067e-09,6.738705e-10,0.006811836
mp-34296-1-0,-0.04920693,0.0038144214,0.002332888,0.0038144214,-0.05361145,0.0013468936,0.002332888,0.0013468936,-0.045099888,-0.048172172,0.0069660693,0.0014369109,0.0069660693,-0.05621584,0.000829595,0.0014369109,0.000829595,-0.04297696
mp-769648-1-0,-0.018970028,0.0034569432,0.008313473,0.0034569486,-0.013119292,-0.01721771,0.008313485,-0.017217701,-0.011998566,-0.019662425,0.0020467998,0.0016047225,0.0020467998,-0.014331512,-0.0029161887,0.0016047225,-0.0029161887,-0.0126617905
mp-625474-1-21,0.003932598,-0.0,-0.0011685122,-0.0,-0.014404815,-0.0,-0.0011685172,-0.0,0.0010718529,-0.000940582,-6.173571e-08,0.0033467736,-6.173571e-08,-0.013603748,7.210555e-08,0.0033467736,7.210555e-08,-0.0004997801
mp-560161-1-0,-0.010660952,-0.0,-0.0,-0.0,-0.010660952,-0.0,-0.0,-0.0,-0.107357204,-0.0073893704,1.5383003e-08,-1.3191204e-08,1.5383003e-08,-0.0073893825,3.1356566e-09,-1.3191204e-08,3.1356566e-09,-0.109033905
mp-20160-0-0,0.000504874,-0.0,-0.0,-0.0,0.000504874,-0.0,-0.0,-0.0,0.000504874,0.023765823,2.1574162e-05,5.2822434e-05,2.1574162e-05,0.023750605,3.7352525e-05,5.2822434e-05,3.7352525e-05,0.023826841
mvc-12096-0-3,-0.0036444212,0.0012605506,0.0018149714,0.0012605715,-0.004396945,-0.0011239185,0.0018149262,-0.0011238946,-0.005928949,-0.014519433,-0.0008347695,-0.00030644244,-0.0008347695,-0.013640463,0.00039208913,-0.00030644244,0.00039208913,-0.012895684
mp-925-1-0,0.016431129,-0.0,-0.0,-0.0,0.016431129,-0.0,-0.0,-0.0,0.016431129,0.023574067,0.0004477511,0.001096715,0.0004477511,0.023257546,0.0007755266,0.001096715,0.0007755266,0.024840528
mvc-13555-1-5,-0.006128397,-0.002030094,-0.0012023839,-0.002030094,0.0037803121,-0.00023678933,-0.0012023839,-0.00023678933,0.0040398594,-0.0054529835,0.0042664064,0.002526881,0.0042664064,-0.02627676,0.00049764646,0.002526881,0.00049764646,-0.026822235
mp-505085-1-0,-0.020308826,0.0013256322,0.0046083992,0.0013256153,-0.020421017,0.0019404409,0.0046084244,0.0019404263,-0.018603737,-0.018596351,-0.00032123458,0.0029895478,-0.00032123458,-0.0179694,0.000946588,0.0029895478,0.000946588,-0.017891256
mp-15974-0-1,7.614245e-05,-0.0,-0.0,-0.0,7.614245e-05,-0.0,-0.0,-0.0,7.614245e-05,0.0009848111,-4.3287955e-09,-3.225176e-09,-4.3287955e-09,0.0009847998,-3.9502375e-09,-3.225176e-09,-3.9502375e-09,0.0009848146
mp-763301-0-2,-0.001277833,0.00016416126,0.00024129753,0.0001641575,-0.0011671791,-0.00042673174,0.00024128577,-0.00042672822,-4.8315567e-05,-0.0016079512,-2.822727e-05,0.0007475828,-2.822727e-05,-0.003179662,-0.00021556432,0.0007475828,-0.00021556432,-0.0013604513
mp-763051-1-2,0.0034149587,0.0045681684,-0.0045681684,0.0045681684,0.0034149587,-0.0045681684,-0.0045681684,-0.0045681684,0.0034149587,-0.002529111,0.0036119702,-0.0036120059,0.0036119702,-0.0015450035,-0.003791195,-0.0036120059,-0.003791195,-0.0015450105
mp-24084-1-0,0.0008027988,-0.0,-0.0,-0.0,0.0008027988,-0.0,-0.0,-0.0,0.0008027988,0.0073325904,-1.5605011e-09,-6.426264e-10,-1.5605011e-09,0.007332589,3.464086e-10,-6.426264e-10,3.464086e-10,0.0073325895
mp-619824-1-0,0.0072661904,-0.0,-0.0,-0.0,0.009950884,-0.0001618268,-0.0,-0.00016185627,0.0055070505,0.0046865037,-8.912704e-09,-2.307141e-09,-8.912704e-09,0.005471835,0.0002680846,-2.307141e-09,0.0002680846,0.004757277
mvc-11485-1-1,-0.0049319477,3.8073206e-10,-0.0,3.8073206e-10,-0.0036873266,-0.0,-0.0,-0.0,-0.0056769922,-0.007820211,0.0003270063,1.2495033e-08,0.0003270063,-0.0069465567,5.741927e-09,1.2495033e-08,5.741927e-09,-0.004801771
mp-763987-1-3,-0.003997891,6.7159854e-05,-5.09954e-05,6.715997e-05,-0.0033597946,-5.5910896e-05,-5.1009356e-05,-5.589933e-05,0.0003715447,-0.0038128875,2.3347517e-05,-1.2388408e-05,2.3347517e-05,-0.005004803,-2.281658e-05,-1.2388408e-05,-2.281658e-05,-0.0024161353
mvc-3728-1-0,-0.0339777,-0.0027125415,-0.002937657,-0.0027125268,-0.0014514852,0.011510613,-0.0029376578,0.011510632,-0.021344136,-0.02892774,-0.0019007802,-0.0022736797,-0.0019007802,-0.011303584,0.007954389,-0.0022736797,0.007954389,-0.020156972
mp-2664-1-0,-0.1280226,-0.0,-0.0,-0.0,-0.1280226,-0.0,-0.0,-0.0,-0.1280226,-0.12399038,0.00019567338,0.00047919477,0.00019567338,-0.12412878,0.00033878876,0.00047919477,0.00033878876,-0.123437144
mvc-12572-1-2,-0.0008444601,-0.0005753783,0.0004162921,-0.0005753563,-0.0061484035,0.0019577942,0.00041628216,0.0019578184,-0.0020915417,0.0010722709,0.0005032943,0.0010688758,0.0005032943,-0.014518467,-0.004452795,0.0010688758,-0.004452795,-0.0067085586
mp-776710-1-2,-0.010615946,-1.4180709e-08,-0.0,1.4180709e-08,-0.010615946,-0.0,-0.0,-0.0,-0.0007069453,-0.008205666,-1.0529444e-08,-4.3378428e-08,-1.0529444e-08,-0.008205694,-2.5915249e-08,-4.3378428e-08,-2.5915249e-08,-0.005950693
mp-773359-1-6,-0.026089927,-0.00081105763,-0.0038560953,-0.00081105763,-0.025991004,-0.0036281075,-0.0038560708,-0.0036280844,-0.027101753,-0.009234297,-0.0028161353,-0.00048338837,-0.0028161353,-0.00889093,-0.00045486027,-0.00048338837,-0.00045486027,-0.012043828
mp-766972-0-2,-0.00014407639,-3.390557e-05,-0.00073197164,-3.392229e-05,-0.0024508717,-3.2326418e-05,-0.00073196786,-3.227689e-05,-0.0024156389,-0.002625072,3.570837e-05,-0.0033724303,3.570837e-05,-0.0070029716,4.413509e-05,-0.0033724303,4.413509e-05,-0.0017116283
mp-767665-1-8,0.0014313415,8.3547435e-05,0.00020001335,8.35247e-05,0.004533816,-0.00025082982,0.00019999464,-0.00025084175,0.0013096253,-0.0036545037,0.0012174747,0.0012476203,0.0012174747,-0.0060208985,-0.0007477149,0.0012476203,-0.0007477149,-0.0052757976
mp-6944-1-0,-0.012633061,-0.0,-0.0,-0.0,-0.012633061,-0.0,-0.0,-0.0,-0.012633061,-0.00705029,1.076178e-08,3.4678326e-08,1.076178e-08,-0.0070503596,1.177079e-08,3.4678326e-08,1.177079e-08,-0.0070503373
mp-972828-1-1,0.0037801815,-0.0,0.0,-0.0,0.0037801815,0.0,0.0,-0.0,0.010514989,0.0030916422,-6.714565e-05,-0.0002643704,-6.714565e-05,0.0030916412,-0.0002643736,-0.0002643704,-0.0002643736,0.0110764615
mp-28214-1-4,-0.0043316847,-0.001484434,0.00029945426,-0.001484443,-0.0057229204,0.0013209534,0.00029946247,0.0013209719,-0.00562986,-0.0046077594,-0.00028814172,-0.00032489674,-0.00028814172,-0.0057043307,6.394655e-05,-0.00032489674,6.394655e-05,-0.0042387405
mp-12271-1-10,-0.0006178555,-0.0,-0.0,-0.0,-0.00011017826,-0.0,-0.0,-0.0,-0.00073820475,0.0074360473,1.1829666e-08,-2.2505229e-09,1.1829666e-08,0.0013149421,-1.240804e-09,-2.2505229e-09,-1.240804e-09,0.0041745678
mp-763902-1-2,0.002854249,-0.00069537584,-0.0002942521,-0.00069537584,0.002854249,-0.0002942521,-0.00029427913,-0.00029427913,0.0039124805,0.0006369404,-0.0006666685,-0.0001869677,-0.0006666685,0.00063696364,-0.00018696152,-0.0001869677,-0.00018696152,0.0017627751
mp-11566-0-2,-4.993623e-05,-0.0,-0.0,-0.0,-4.993623e-05,-0.0,-0.0,-0.0,-4.993623e-05,0.0051321024,-3.280268e-10,-4.0218717e-10,-3.280268e-10,0.0051321057,-6.9161205e-10,-4.0218717e-10,-6.9161205e-10,0.005132106
mp-763941-1-2,0.007877675,-0.0006005977,-0.0,-0.0006005959,0.007856072,-0.0,-0.0,-0.0,0.010175896,0.0020198778,-0.000513565,-2.5267227e-10,-0.000513565,0.0020600848,5.4517275e-09,-2.5267227e-10,5.4517275e-09,0.0023790172
mp-675597-1-0,-0.20358306,9.487093e-10,-0.0,9.487093e-10,0.008734739,9.487093e-10,-0.0,9.487093e-10,-0.20153163,-0.2213828,3.071141e-08,-6.164709e-07,3.071141e-08,1.670009e-05,-1.5015034e-07,-6.164709e-07,-1.5015034e-07,-0.20472339
mp-556633-0-2,-0.00066958036,-0.0,8.391394e-05,-0.0,-0.00034401033,-0.0,8.393718e-05,-0.0,-0.00045723596,0.0014549061,5.0634696e-10,-2.0074463e-05,5.0634696e-10,0.0008738023,-1.5429517e-08,-2.0074463e-05,-1.5429517e-08,4.8129743e-05
mvc-10004-1-0,0.16797778,-0.0020775232,-0.0014690413,-0.0020775232,0.16557887,0.00084817637,-0.0014690413,0.00084817637,0.16497913,0.11838163,-0.002075255,-0.001467369,-0.002075255,0.11598536,0.0008472345,-0.001467369,0.0008472345,0.11538635
mp-409-1-0,-0.003990255,-0.0,-0.0,-0.0,-0.003990255,-0.0,-0.0,-0.0,-0.0014056879,-0.0010568126,1.6442375e-10,3.0787872e-10,1.6442375e-10,-0.0010568099,6.5172095e-10,3.0787872e-10,6.5172095e-10,-0.006634336
mp-777912-1-0,-0.0042680684,-0.008385412,0.0026203266,-0.008385395,-0.0050697513,-0.005943696,0.0026203138,-0.0059437174,-0.018499313,-0.009068371,-0.0064296923,0.0010995179,-0.0064296923,-0.0060532982,-0.004332097,0.0010995179,-0.004332097,-0.024823513
mp-997020-0-3,0.0016296225,0.003926295,-0.0,0.003926295,0.0050968565,-0.0,-0.0,0.0,8.615325e-05,0.00420214,0.0070831277,-3.2596368e-09,0.0070831277,0.010457094,1.2058468e-08,-3.2596368e-09,1.2058468e-08,-0.0026413158
mp-8696-1-0,-0.044557776,1.0236075e-09,-0.0,-1.0236075e-09,-0.044557776,-0.0,-0.0,-0.0,-0.048851624,-0.04308447,7.850665e-09,-2.887232e-09,7.850665e-09,-0.0430844,4.57396e-08,-2.887232e-09,4.57396e-08,-0.04869429
mp-761352-1-1,0.008264083,-0.0,-0.0,-0.0,0.011316846,7.086295e-05,-0.0,7.086295e-05,0.011316846,0.014856987,1.2329961e-08,-2.9678244e-09,1.2329961e-08,0.011439111,-0.0036338533,-2.9678244e-09,-0.0036338533,0.011439137
mp-756422-1-1,0.00071566756,6.2415094e-11,-0.0007343388,6.2415094e-11,-0.0012272099,-7.489811e-11,-0.0007343706,-7.489811e-11,0.000118697564,0.0010535881,3.2790868e-07,-1.2548631e-05,3.2790868e-07,-0.0011140477,-2.063581e-08,-1.2548631e-05,-2.063581e-08,0.0009620855
mp-976447-0-2,-0.0042970777,0.0,-0.0,-0.0,-0.0042970777,-0.0,-0.0,0.0,-0.0042970777,-0.0032372745,-8.3248244e-07,3.315757e-07,-8.3248244e-07,-0.0032386677,-2.2768927e-07,3.315757e-07,-2.2768927e-07,-0.0032362114
mvc-6042-1-1,-0.009941834,-7.8018864e-10,-0.0,-7.8018864e-10,-0.0075783576,-0.0,-0.0,0.0,-0.006532826,-0.0059885643,0.000710497,9.674815e-09,0.000710497,-0.01433621,-2.4432298e-09,9.674815e-09,-2.4432298e-09,-0.018014366
mp-647424-1-0,-0.010212287,-0.0008504177,-0.0013385959,-0.00085043523,-0.008409659,-0.0001458907,-0.0013386151,-0.00014588666,-0.008924848,-0.010082737,0.0005176046,-0.000117848394,0.0005176046,-0.006562864,0.00072327163,-0.000117848394,0.00072327163,-0.006346949
mp-1029506-0-0,0.00089542515,-0.0002602487,-0.0,-0.0002602487,0.0012945563,0.0,0.0,0.0,0.0011412635,0.0030484747,-0.00039001007,-5.4328697e-09,-0.00039001007,0.0033311415,-1.7312745e-08,-5.4328697e-09,-1.7312745e-08,0.0023914687
mp-766932-0-2,-0.0015130882,-0.0,-0.0,-0.0,-0.0015130879,-0.0,-0.0,-0.0,-0.001776278,-0.0026993845,3.1221552e-09,2.3495632e-08,3.1221552e-09,-0.0026994532,-1.8449747e-08,2.3495632e-08,-1.8449747e-08,-0.0037923085
mp-27277-1-4,0.000372598,-0.0,-0.0,-0.0,-0.0013266059,-0.0,-0.0,-0.0,0.00085711165,0.00063760346,-2.1435971e-08,1.2909848e-08,-2.1435971e-08,-4.705094e-05,-1.1335535e-08,1.2909848e-08,-1.1335535e-08,0.0014921624
mvc-12218-1-0,-0.06553165,-0.016725084,-0.0051537487,-0.016725099,-0.05223518,0.009326598,-0.0051537165,0.009326604,-0.06569393,-0.05814581,-0.0058942838,-0.00021731746,-0.0058942838,-0.053475127,0.00032782395,-0.00021731746,0.00032782395,-0.05043174
mvc-16461-1-0,0.09119211,0.00048880273,-0.0003952756,0.0004888028,0.08730042,-0.0029816388,-0.00039527589,-0.002981638,0.09310372,0.09964221,0.0004145061,0.0001659409,0.0004145061,0.09150851,-0.002910943,0.0001659409,-0.002910943,0.09799825
mp-777089-1-0,-0.04864716,0.010025669,-0.0043928972,0.010025666,-0.05176456,-0.014991842,-0.004392877,-0.014991819,-0.06376847,-0.031285107,-0.0007401551,-0.0005490627,-0.0007401551,-0.04000916,-0.008312937,-0.0005490627,-0.008312937,-0.035357423
mp-30156-0-5,-0.00010160167,-0.0,-0.0,-0.0,-0.00024015659,-0.0,-0.0,-0.0,-0.00029949727,0.0021127819,-1.4426202e-08,2.8122707e-10,-1.4426202e-08,0.006214392,-1.863094e-08,2.8122707e-10,-1.863094e-08,0.0022572128
mp-782699-1-0,-0.010136251,0.008275503,-0.0,0.008275503,-0.010136251,-0.0,-0.0,-0.0,-0.011392903,-0.010113069,0.00023630534,-6.840856e-08,0.00023630534,-0.010113069,4.8016563e-08,-6.840856e-08,4.8016563e-08,-0.015415417
mp-1025510-1-4,0.0028353473,-0.0,0.0,-0.0,0.0028353473,-0.0,-0.0,-0.0,0.001074419,0.0052066892,-8.297837e-09,8.936347e-09,-8.297837e-09,0.0052066874,4.9175164e-10,8.936347e-09,4.9175164e-10,0.005916463
mp-764288-1-0,-0.0046001305,-0.0,0.0028174124,-0.0,-0.004988859,-0.0,0.0028174156,-0.0,0.0026992406,-0.0029256362,2.2203794e-08,0.0026690625,2.2203794e-08,-0.0036396512,-5.4793237e-09,0.0026690625,-5.4793237e-09,0.0030520614
mp-758229-1-2,0.004071678,-3.4350833e-05,-7.148665e-05,-3.4284174e-05,0.0017093588,1.9917541e-05,-7.140021e-05,2.0002539e-05,-0.00047440952,0.0015992312,-0.00059016945,-3.128477e-05,-0.00059016945,-0.0016529424,-3.5622754e-05,-3.128477e-05,-3.5622754e-05,0.0002999669
mp-10464-1-9,-0.00051087426,-0.0,-0.0,-0.0,0.0006366014,-0.0,-0.0,-0.0,-0.00022545649,-0.0017058327,3.6749759e-09,7.750379e-09,3.6749759e-09,-0.007644814,-6.140678e-10,7.750379e-09,-6.140678e-10,-0.0103744315
mp-1014379-1-0,0.22210035,-0.0,-0.0,-0.0,0.22210035,-0.0,-0.0,-0.0,0.22210035,0.21342304,1.15974295e-07,-5.699657e-08,1.15974295e-07,0.21342319,-4.861628e-08,-5.699657e-08,-4.861628e-08,0.21342313
mp-625055-0-2,-0.0031401964,0.00020034573,-0.0,0.00020034562,0.0023165436,-0.0,-0.0,-0.0,0.00181105,0.004483866,-0.00035683936,4.4930255e-09,-0.00035683936,-0.0047567813,1.2718491e-08,4.4930255e-09,1.2718491e-08,0.00010195063
mp-1001836-0-0,-0.003585187,-0.0,-0.0,-0.0,-0.003585187,0.0,0.0,-0.0,-0.0019467071,-0.034143683,0.00017033785,1.0802232e-10,0.00017033785,-0.03414364,-1.1448816e-09,1.0802232e-10,-1.1448816e-09,0.0057223127
mp-973225-1-1,0.010585152,-0.0,-0.0010825185,-0.0,0.0016077602,-0.0,-0.0010825471,-0.0,0.002610654,0.011415963,-4.6362096e-08,-0.0018080672,-4.6362096e-08,0.0007302564,2.6826905e-09,-0.0018080672,2.6826905e-09,0.00085533597
mp-755175-1-0,0.0011352473,5.3338003e-06,-1.416111e-06,5.338731e-06,0.0011184689,2.7093643e-06,-1.4093764e-06,2.7070423e-06,0.00036730128,0.00082673825,4.3285736e-06,-9.584066e-07,4.3285736e-06,0.0008140927,2.5162556e-06,-9.584066e-07,2.5162556e-06,0.010073999
mp-865537-1-0,-0.05328845,-1.8497211e-06,-2.0076063e-06,-1.8666294e-06,-0.053288482,-1.5436063e-06,-2.0296077e-06,-1.5455911e-06,-0.053288758,-0.022640953,0.000111095746,0.00011109637,0.000111095746,-0.022640945,0.00011108815,0.00011109637,0.00011108815,-0.022640938
mp-25605-1-0,-0.05254448,-0.04716102,0.009672215,-0.047161028,-0.006753158,-0.008990012,0.009672221,-0.008989959,-0.012591991,-0.048846956,-0.03255476,0.009483189,-0.03255476,-0.008800069,-0.0030525858,0.009483189,-0.0030525858,-0.016599094
mp-982380-1-0,-0.01210985,-0.0,-0.0,-0.0,-0.0075655053,0.0005125132,-0.0,0.0005125145,-0.0076204375,-0.010220004,-2.4656409e-05,6.772837e-07,-2.4656409e-05,-0.009933148,0.00039762555,6.772837e-07,0.00039762555,-0.006262973
mp-29174-1-3,-4.4669832e-05,-0.0,-0.0,-0.0,-0.0017137122,-0.0,-0.0,-0.0,0.00071282394,0.0014495163,-3.120606e-10,-3.1237937e-10,-3.120606e-10,-0.007072113,2.629559e-08,-3.1237937e-10,2.629559e-08,-0.0020245332
mp-644419-1-0,-0.0023651663,-0.0,-0.0,-0.0,-0.002490545,-0.0,-0.0,-0.0,-0.004432501,-0.0018383521,-1.273641e-09,-9.160631e-10,-1.273641e-09,0.00074842054,-7.407142e-10,-9.160631e-10,-7.407142e-10,-0.003992407
mp-984518-1-2,0.0150184715,-1.9238953e-06,1.8699436e-06,-1.967592e-06,0.015022091,-4.1897377e-07,1.7991275e-06,-4.3368502e-07,0.015020528,0.009326256,1.2232977e-07,-1.6281722e-07,1.2232977e-07,0.009326226,-2.4384084e-08,-1.6281722e-07,-2.4384084e-08,0.009326178
mp-4979-1-0,-0.008890294,-0.00017676495,-0.0003150761,-0.00017676495,-0.008965039,-0.00038865622,-0.0003150761,-0.00038865622,-0.009439757,-0.0070109703,1.1862207e-05,2.1125694e-05,1.1862207e-05,-0.0070059155,2.6103606e-05,2.1125694e-05,2.6103606e-05,-0.0069741006
mvc-5138-1-0,-0.0064375224,0.0010009786,0.0017372352,0.0010009644,-0.008371398,0.0015743113,0.00173722,0.0015743142,-0.007592761,0.00018559572,0.0008838533,0.0019416308,0.0008838533,-0.0034034366,0.0014905848,0.0019416308,0.0014905848,-0.0026177238
mp-763430-0-2,-0.0068028825,7.8643014e-10,-0.0028018765,7.8643014e-10,-0.0068273637,7.9891316e-10,-0.0028018546,7.9891316e-10,-0.008829799,-0.0053481827,1.094533e-08,-0.0011758852,1.094533e-08,-0.004167141,1.7047785e-09,-0.0011758852,1.7047785e-09,-0.007893952
mvc-14482-0-2,-0.0010177571,-1.8344981e-06,-8.938777e-07,-1.8492468e-06,-0.003338923,-5.4689957e-05,-9.0041885e-07,-5.4684395e-05,-0.001384289,0.005893854,-2.2207635e-06,-1.1626653e-06,-2.2207635e-06,-0.0038797979,-2.2841848e-05,-1.1626653e-06,-2.2841848e-05,0.0002857475
mp-1025314-0-27,0.00029398373,-0.0,0.0,-0.0,0.00029398367,-1.8724527e-11,-0.0,-1.8724527e-11,0.00029468152,0.0008885024,-8.8403707e-10,-2.4659033e-09,-8.8403707e-10,0.0008365015,-9.8982055e-05,-2.4659033e-09,-9.8982055e-05,0.004071278
mp-35482-1-5,-0.0024361697,-0.0005744573,0.005740292,-0.0005744573,-0.0030994955,-0.003314159,0.0057403296,-0.0033141808,-0.0016349548,0.00036830953,0.0011746287,0.002450537,0.0011746287,0.0017246398,-0.0014148161,0.002450537,-0.0014148161,0.0033691677
mp-754937-1-0,0.0046781953,-0.0,-0.0005844504,-0.0,0.0031839872,-0.0,-0.0005844177,-0.0,0.0056256377,0.005105065,-3.319656e-08,-0.0030456677,-3.319656e-08,0.007902486,5.0852096e-09,-0.0030456677,5.0852096e-09,0.0044203913
mp-626703-0-2,-0.0012164133,-0.0,-0.0,-0.0,-0.0022937953,-0.0,-0.0,-0.0,-0.002534557,-0.0138360495,3.3211492e-08,5.382615e-11,3.3211492e-08,-0.007906321,4.084905e-05,5.382615e-11,4.084905e-05,-0.011750618
mp-554883-1-8,0.012352883,-0.014327827,-0.004447431,-0.014327829,0.0061029275,-0.0015171159,-0.004447434,-0.0015171114,0.0005474507,0.009397692,-0.011970748,-0.0047548553,-0.011970748,0.0077071786,-0.0007791989,-0.0047548553,-0.0007791989,0.0020848736
mp-32322-1-0,-0.037257534,-0.013518586,-0.006194024,-0.013518588,-0.050349943,-0.009881394,-0.0061940206,-0.009881396,-0.0333111,-0.034071665,-0.011133688,-0.00509993,-0.011133688,-0.04485508,-0.008137357,-0.00509993,-0.008137357,-0.030822862
mp-560161-0-7,0.0004255897,-0.0,-0.0,-0.0,0.0004255897,-0.0,-0.0,-0.0,0.0006876,0.0028172692,-9.958933e-10,-2.2246322e-08,-9.958933e-10,0.0028172787,2.6093277e-08,-2.2246322e-08,2.6093277e-08,-0.0022341686
mp-2741-1-0,-0.012422455,-0.0,-0.0,-0.0,-0.012422455,-0.0,-0.0,-0.0,-0.012422455,-0.009711233,3.7413705e-05,9.1692855e-05,3.7413705e-05,-0.009737683,6.4836415e-05,9.1692855e-05,6.4836415e-05,-0.009605333
mp-776678-0-3,0.00017889605,-0.0,-0.0,-0.0,0.00017889605,-0.0,-0.0,-0.0,0.0016776324,-0.003353953,1.7829204e-06,2.6903368e-10,1.7829204e-06,-0.0033539943,3.7349634e-09,2.6903368e-10,3.7349634e-09,-0.006794779
mp-7422-0-2,2.5007967e-05,-5.907485e-05,-0.00013222879,-5.907485e-05,7.3146557e-06,-0.00015350494,-0.00013222879,-0.00015350494,-0.00026769924,0.0034598804,-0.00021352075,-0.00047791933,-0.00021352075,0.003395932,-0.0005548213,-0.00047791933,-0.0005548213,0.002401973
mp-560976-1-1,-0.0039643818,-0.0,-0.0,-0.0,-0.0039643818,-0.0,-0.0,-0.0,-0.0039643818,0.0009440688,1.6374267e-09,-2.1993378e-09,1.6374267e-09,0.0009440685,-6.766857e-11,-2.1993378e-09,-6.766857e-11,0.00094407663
mp-704745-0-4,-0.009248189,-0.00420479,-0.0,-0.00420479,-0.0139653,-0.0,-0.0,-0.0,-0.012814856,-0.0065955357,-0.0020282755,-3.58044e-09,-0.0020282755,-0.008870976,-1.4428119e-09,-3.58044e-09,-1.4428119e-09,-0.015270036
mp-753833-0-2,-0.0018571864,6.7776484e-05,0.0017245496,6.7768524e-05,-0.00015095463,-0.0002708401,0.0017245363,-0.0002708518,-0.0022581008,0.0008957117,-0.0011001315,0.0012352586,-0.0011001315,-0.001935529,-0.0004852968,0.0012352586,-0.0004852968,0.0024968379
mp-1030964-0-11,0.0016777377,0.0,-0.0,0.0,-0.0006634807,-0.0,-0.0,-0.0,-0.0006634807,-0.0028070537,3.1806395e-09,1.5694999e-09,3.1806395e-09,-0.0016280374,-1.0453944e-09,1.5694999e-09,-1.0453944e-09,-0.0016278883
mp-634817-1-11,-0.0028719176,1.81702e-05,-0.00018774444,1.81702e-05,-0.002892899,-0.00010839431,-0.00018774396,-0.00010839404,-0.007530433,-0.012692387,-3.1460982e-05,-5.5222354e-05,-3.1460982e-05,-0.012656054,-3.1887248e-05,-5.5222354e-05,-3.1887248e-05,-0.0143164955
mp-631422-0-2,0.0038787047,-0.0,-0.0,-0.0,0.0038787047,-0.0,-0.0,-0.0,0.0038787047,0.012059087,-3.4416037e-09,-5.766331e-09,-3.4416037e-09,0.012059092,-7.505219e-10,-5.766331e-09,-7.505219e-10,0.012059086
mp-769630-0-2,-0.0024158182,2.2469433e-10,1.7476226e-10,2.2469433e-10,-0.0024158184,-0.0,1.7476226e-10,-0.0,-0.0026830921,-0.0032424827,5.1363457e-08,7.227466e-08,5.1363457e-08,-0.0032424324,-3.4337e-08,7.227466e-08,-3.4337e-08,-0.00085525605
mp-676011-1-49,-0.00057513075,0.0041643744,0.0022786262,0.004164376,-0.003232904,9.4118484e-05,0.0022786285,9.4118746e-05,0.0015286555,-0.0042146984,-0.0055909627,-0.00035863245,-0.0055909627,-0.0019979256,-0.0021709537,-0.00035863245,-0.0021709537,-0.004575346
mp-23002-0-1,0.00075699104,-0.0,-0.0,-0.0,2.2442182e-05,-0.0,-0.0,-0.0,7.9951555e-05,0.0003906526,-6.353951e-10,6.7181203e-09,-6.353951e-10,0.004658569,3.1455971e-09,6.7181203e-09,3.1455971e-09,-0.003970279
mp-764335-0-2,-5.2977994e-06,-7.357488e-05,0.00025424547,-7.3603485e-05,0.0011932016,-0.00014716895,0.00025427438,-0.00014710643,-0.00038517007,0.009946514,-0.00036704342,0.0007795599,-0.00036704342,0.0048754765,0.00084657804,0.0007795599,0.00084657804,0.0068910266
mvc-6014-0-2,0.0036117996,-3.0832885e-05,0.00042999335,-3.0832838e-05,0.0036826201,0.0002712902,0.00042999318,0.0002712902,0.0032991944,0.006801296,0.00021852148,-0.0003716332,0.00021852148,0.0069122678,-0.00022635705,-0.0003716332,-0.00022635705,0.0074704876
mp-28989-1-2,0.0026782115,-0.0,-0.0,-0.0,0.0026782115,-0.0,-0.0,-0.0,0.002932285,0.007115366,-7.127323e-09,-8.313003e-11,-7.127323e-09,0.0071153915,3.5942394e-10,-8.313003e-11,3.5942394e-10,0.0021034807
mp-776623-1-4,0.0055842064,3.8073206e-10,-0.0020469653,3.8073206e-10,0.0036201647,-8.738113e-11,-0.0020469856,-8.738113e-11,0.0070599527,0.0036821507,-2.2999102e-07,0.00014270202,-2.2999102e-07,0.0027752172,-3.5170349e-09,0.00014270202,-3.5170349e-09,0.0034622203
mp-765356-1-3,0.00059983163,-0.00013764999,-0.0014155275,-0.00013763932,0.0038215886,0.00051743304,-0.0014155324,0.00051742577,0.0031815881,0.0032008514,0.00021984537,-0.0004630316,0.00021984537,0.002103567,0.0007677276,-0.0004630316,0.0007677276,0.0026693733
mp-634410-1-33,0.0074047274,-0.041314185,0.035017326,-0.041314185,-0.08222159,0.0077625248,0.035017323,0.0077625266,-0.04186564,-0.15273137,0.07461097,0.12361715,0.07461097,-0.19214927,-0.14568537,0.12361715,-0.14568537,-0.31730828
mp-1023125-1-0,-0.19792642,0.0,3.9365197e-08,0.0,-0.19792642,-3.9365197e-08,3.9365197e-08,-3.9365197e-08,-0.16640382,-0.21550255,-6.295586e-07,-2.0075688e-05,-6.295586e-07,-0.21550277,2.0047877e-05,-2.0075688e-05,2.0047877e-05,-0.20891415
mp-776092-1-2,0.008847088,-6.491169e-10,5.6173583e-11,-6.491169e-10,0.0062292265,-0.00047264626,5.6173583e-11,-0.00047263576,0.004593395,0.0047686133,-2.1711905e-08,-4.2604777e-09,-2.1711905e-08,0.004528963,0.0004845302,-4.2604777e-09,0.0004845302,0.003618587
mp-11209-1-0,-0.10232691,-0.0,-0.0,-0.0,-0.10232691,-0.0,-0.0,-0.0,-0.101793215,-0.09275052,0.0002825424,2.2426683e-09,0.0002825424,-0.092424214,-5.864597e-10,2.2426683e-09,-5.864597e-10,-0.09553017
mp-764041-1-0,0.012647232,-0.00046401433,0.00051555963,-0.00046404102,0.012832706,-0.00043580076,0.0005155788,-0.00043584307,0.012222637,-0.0031344378,0.00049551146,0.00043791012,0.00049551146,-0.0032120396,0.0002169238,0.00043791012,0.0002169238,-0.0022902298
mp-853210-1-0,-0.011730538,-0.009443268,-0.0,-0.009443268,-0.011730538,-0.0,-0.0,-0.0,-0.012069571,-0.012766507,-0.008170495,-4.4904302e-09,-0.008170495,-0.012766508,-8.597553e-09,-4.4904302e-09,-8.597553e-09,-0.0122754825
mp-770158-1-2,-0.00077659194,-0.0019110548,-6.720287e-05,-0.001910992,-0.0017535626,2.818371e-05,-6.721542e-05,2.8185183e-05,0.0015891135,0.0017797974,-0.00013919655,0.00047107675,-0.00013919655,0.0006923009,-0.0008556384,0.00047107675,-0.0008556384,0.0047832527
