structure_id,target,prediction
mp-362-0-4,-27.447676,-27.158213
mp-1009653-0-0,-19.835072,-20.992018
mp-762282-0-2,-126.54443,-125.962585
mp-15681-0-1,-38.661068,-37.835358
mp-1021323-1-0,-112.23274,-111.176636
mp-772267-1-0,-101.55813,-101.291595
mp-27367-1-4,-70.75546,-70.35323
mvc-16812-0-7,-72.58331,-73.92371
mp-2930-1-2,-38.123104,-37.985653
mp-772528-1-1,-120.32272,-121.20896
mp-779190-0-2,-68.08261,-67.83338
mp-1020019-0-3,-77.52897,-77.11408
mp-775117-0-2,-111.311806,-112.72114
mp-850948-1-0,-70.78567,-70.303764
mvc-12635-1-4,-106.26011,-108.70014
mvc-11417-0-4,-84.56831,-84.47898
mp-764350-0-2,-95.837975,-95.24672
mp-22490-1-0,-68.729706,-69.087555
mp-1006118-0-2,-81.58614,-81.83996
mp-11335-1-1,-7.734391,-8.287073
mp-66-1-1,-18.178837,-17.501883
mvc-3997-1-0,-90.43799,-93.09786
mp-764008-1-0,-102.72818,-102.66391
mp-1287-1-17,-42.620464,-43.60042
mp-11-1-0,-9.294291,-9.342566
mp-771668-0-2,-136.59955,-138.56802
mp-2910-1-12,-64.962296,-65.35199
mp-20049-1-0,-33.672443,-33.098423
mp-990076-0-2,-44.456818,-44.79985
mp-771731-0-2,-94.96984,-95.87043
mp-631528-1-0,-10.403577,-13.839407
mp-2058-1-0,-100.07439,-99.94166
mp-23702-1-0,-75.22482,-77.71676
mvc-3243-1-0,-99.76411,-100.64913
mp-4192-1-18,-97.920135,-96.2533
mp-767705-0-2,-68.31816,-68.64625
mp-13082-0-5,-32.286736,-31.89828
mp-764509-1-3,-125.04429,-125.28645
mp-7582-1-0,-27.500013,-27.289515
mp-10281-0-1,-28.0603,-28.091265
mp-4124-1-3,-31.463455,-31.013212
mp-850083-0-2,-117.084625,-116.86705
mp-775084-1-1,-97.781296,-97.497536
mp-11531-0-3,-21.363173,-21.194044
mp-29200-1-4,-92.32418,-91.03217
mp-23846-0-1,-34.80055,-34.38134
mp-754501-1-1,-54.19355,-52.623444
mp-12067-0-2,-13.342263,-13.247917
mp-781740-0-2,-101.18126,-101.11947
mp-976783-0-2,-17.195183,-17.787052
mp-559435-1-1,-53.515392,-55.929733
mp-989782-0-0,-8.186958,-8.220959
mp-976843-1-0,-10.986978,-11.440337
mp-29408-1-1,-48.10331,-51.152187
mp-10126-1-0,-138.89105,-136.76808
mp-5920-1-0,-11.1596365,-11.061346
mp-761656-0-2,-95.52713,-95.5714
mp-10948-1-5,-91.927,-91.93127
mp-567657-0-3,-18.946476,-18.59856
mp-754549-1-0,-43.78698,-43.18114
mp-1020703-0-82,-74.04619,-73.74822
mp-28240-1-0,-19.758657,-19.394827
mp-617283-0-2,-81.13959,-81.1054
mp-2232-1-0,-33.202316,-32.158276
mp-772005-0-2,-134.64818,-134.99211
mp-9486-1-6,-41.326817,-41.095997
mp-23495-1-0,-39.850758,-39.952602
mp-971752-1-0,-29.247887,-28.559855
mp-976280-0-2,-13.367322,-12.694647
mp-545488-0-5,-86.60835,-88.053085
mp-765838-1-3,-104.2455,-105.78849
mp-643945-1-4,-48.401646,-47.827637
mp-1009823-0-1,-16.737003,-18.04623
mp-760536-1-4,-97.81072,-97.490135
mp-20685-1-0,-68.00008,-67.457924
mp-1016119-1-16,-100.16976,-100.07086
mp-984628-1-0,-31.526539,-33.327675
mp-505821-0-24,-113.210846,-112.61347
mp-1901-1-11,-27.215195,-28.078014
mvc-2863-1-4,-93.159485,-93.46458
mvc-5183-1-0,-113.16294,-114.1594
mp-997041-0-2,-38.651283,-37.65928
mp-773778-1-1,-83.71199,-84.26368
mp-765256-1-0,-74.24667,-75.431335
mp-28765-0-30,-69.49912,-74.86692
mp-764673-0-2,-46.595547,-45.99222
mp-850249-1-0,-112.55358,-113.906746
mp-9610-1-3,-33.11359,-33.21039
mp-1153-1-2,-11.963124,-11.341464
mp-568908-1-0,-27.80821,-28.617975
mvc-12125-1-5,-72.5686,-73.84748
mp-21855-1-4,-39.221085,-38.52452
mp-765792-1-0,-64.012,-63.25839
mp-690-0-2,-87.49422,-86.68057
mp-1025044-0-11,-33.604443,-34.106926
mp-7645-1-43,-75.02633,-75.04293
mp-1954-0-3,-59.507565,-57.577892
mp-28424-1-2,-46.570774,-47.888783
mp-2716-1-13,-129.70866,-133.31181
mp-8926-1-5,-68.20659,-70.08323
mp-7288-1-0,-83.68561,-82.77907
mp-6465-0-2,-153.32199,-154.91847
mp-626113-0-2,-92.50439,-95.777565
mp-763950-1-4,-135.68678,-135.0379
mp-752606-1-1,-49.05256,-48.729584
mp-695817-1-0,-3.876078,-7.5016794
mp-736-0-0,-27.847845,-26.897722
mp-1014287-1-0,-34.31884,-47.4293
mp-556576-1-0,-55.890114,-56.016037
mp-626680-1-0,-28.180906,-27.688978
mp-780703-1-4,-94.5118,-94.9464
mp-6134-1-6,-102.372185,-102.59499
mvc-14907-0-2,-106.24955,-107.49592
mvc-13983-1-2,-42.65606,-42.378666
mp-685151-1-0,-103.367744,-105.62198
mp-764267-1-13,-91.32521,-91.98884
mvc-13983-0-2,-42.66275,-42.381207
mp-4192-0-1,-97.92218,-96.25459
mp-868358-0-2,-81.24429,-80.94233
mvc-3283-0-14,-97.36557,-99.25255
mp-851026-1-0,-80.69383,-80.97794
mp-767412-1-1,-76.4134,-74.73078
mp-558380-0-4,-85.99252,-84.235374
mp-998883-1-2,-4.2762985,-4.8065157
mp-14019-1-7,-25.875376,-25.42852
mp-690534-1-7,-54.982216,-58.64754
mp-632296-0-2,-16.44667,-16.497124
mp-21065-1-2,-66.27589,-65.1147
mp-777076-1-1,-51.80795,-51.277905
mp-4391-1-0,-61.445595,-62.50336
mp-559278-0-1,-37.04213,-37.519672
mp-973316-0-0,-13.705782,-15.14964
mp-782708-1-0,-102.170494,-101.43302
mp-763348-1-0,-37.95423,-37.55496
mp-775342-1-0,-95.67063,-94.93462
mp-1008285-0-2,-36.351555,-36.298985
mp-976446-1-0,-31.20415,-31.464945
mp-779216-0-2,-72.978455,-73.0319
mp-505554-0-2,-150.06175,-150.64534
mp-562517-0-76,-145.80557,-146.40756
mp-778516-1-5,-109.29086,-110.72718
mp-775069-1-11,-98.15376,-98.46702
mp-765991-0-2,-102.321686,-103.0127
mp-18890-0-2,-149.30296,-149.29846
mp-9205-1-0,-48.012962,-47.552887
mp-6511-0-17,-98.03814,-99.231255
mvc-14222-1-1,-65.53466,-65.54765
mp-763727-1-3,-139.31621,-139.24532
mp-1020026-1-0,-84.468925,-84.80275
mp-765781-0-2,-75.46053,-76.216835
mvc-3991-1-0,-78.33912,-81.324104
mp-35687-0-4,-78.5166,-76.70837
mvc-9599-1-0,-70.17796,-70.15893
mp-777483-0-2,-66.39958,-66.64121
mvc-13211-1-0,-136.38986,-136.39789
mvc-3230-1-0,-104.927925,-105.874565
mp-764394-1-1,-120.88114,-120.97415
mvc-15848-1-1,-37.743763,-38.686344
mp-779229-1-0,-106.89669,-107.604095
mp-36262-1-0,-27.139387,-33.15432
mp-996956-0-3,-39.894985,-39.107918
mp-976291-1-0,-39.80809,-40.549694
mp-682-1-2,-8.646404,-8.454812
mp-633403-1-0,-52.883923,-57.05035
mp-765441-1-0,-94.27235,-94.74497
mp-1145-1-0,-24.426907,-23.68943
mp-1017511-0-1,-36.323452,-36.300156
mp-4266-1-11,-36.37704,-36.477528
mp-625284-1-5,-94.38904,-94.021645
mp-764039-0-2,-93.76199,-92.64016
mp-23002-1-0,-41.49853,-41.40765
mp-867330-1-0,-23.713137,-23.509453
mp-20228-1-0,-24.891388,-24.743826
mp-762694-1-0,-126.01058,-125.903534
mp-769754-1-0,-90.58538,-91.620255
mp-767193-0-2,-114.185356,-113.47353
mp-571096-0-3,-14.2842865,-13.457874
mp-22888-0-1,-22.83644,-22.453745
mp-767195-1-0,-89.54948,-89.45575
mp-764271-1-0,-88.69188,-89.97927
mp-7473-0-0,-16.416494,-16.589209
mp-766149-0-2,-73.00084,-73.784836
mp-767283-1-0,-95.82635,-95.75158
mp-6586-1-3,-50.476242,-50.22398
mp-2065-1-0,-14.161998,-14.775116
mp-23850-1-0,-70.54702,-73.11836
mvc-11240-1-7,-87.170074,-86.4002
mp-557728-1-0,-84.77182,-84.71891
mvc-15898-1-0,-121.25314,-122.56411
mp-770201-1-0,-107.14494,-107.931694
mvc-107-0-31,-76.22664,-75.9447
mp-762800-0-0,-62.63894,-62.825882
mp-780191-1-0,-90.557816,-92.01687
mp-763207-1-8,-108.019035,-107.51437
mp-1018789-1-0,-29.171932,-29.97873
mp-7645-1-0,-66.748276,-66.93275
mp-770627-1-3,-101.3603,-100.98456
mp-762019-1-0,-74.63692,-73.72982
mp-767013-1-0,-85.17822,-84.72326
mp-771844-1-0,-86.56789,-86.68759
mp-23849-1-11,-111.84478,-111.41494
mp-690128-0-2,-95.156746,-94.89741
mp-1001571-1-1,-31.849827,-31.680414
mp-767034-1-0,-85.99363,-85.84593
mp-696740-1-0,153.62885,80.65165
mp-777083-1-3,-134.67998,-134.79614
mp-764201-1-0,-83.0224,-83.186676
mp-2749-1-0,-31.906511,-32.8831
mp-764686-0-2,-74.7699,-74.36332
mp-770590-1-0,-106.2698,-106.60483
mp-558155-1-0,-60.337868,-60.109856
mp-2018-1-1,-29.893444,-29.340996
mp-776754-0-5,-69.3425,-69.03335
mp-20925-1-0,-119.20454,-120.88416
mp-769797-1-6,-98.16923,-97.778755
mp-9666-0-3,-40.243576,-40.556465
mp-1018134-0-0,-5.7216287,-6.4609895
mp-6376-1-0,-82.91719,-82.056145
mp-763291-1-0,-135.76715,-134.83028
mvc-14287-1-6,-97.90744,-97.82046
mp-1008278-1-0,-34.12867,-33.869595
mvc-14979-1-0,-119.617134,-120.28695
mp-568400-1-0,-95.3293,-95.726555
mp-778344-1-1,-76.83824,-76.40466
mp-510281-1-0,-24.07136,-23.330034
mp-3054-0-8,-78.605835,-78.27381
mp-1008394-0-10,-7.353945,-8.603416
mp-973100-1-2,-19.213078,-19.442825
mp-28096-1-0,-49.929287,-53.01177
mp-862-1-0,-27.897196,-28.065918
mp-764004-1-1,-27.793627,-27.585081
mp-775114-0-2,-49.969555,-49.80325
mp-629499-1-79,-86.452385,-87.061775
mp-780834-1-0,-71.78086,-71.56367
mp-775115-1-0,-114.88626,-115.0918
mp-16266-1-1,-20.099422,-19.999378
mp-24522-1-25,-98.48337,-98.27993
mp-758265-1-0,-75.14455,-76.22944
mp-764901-0-2,-64.673874,-64.51321
mp-778717-1-3,-61.273296,-61.687824
mp-761730-1-0,-71.06597,-71.81078
mp-771234-1-0,-112.76385,-112.174706
mvc-15842-0-2,-32.275135,-34.025204
mp-1024050-1-7,-54.648163,-55.70886
mp-780807-0-2,-103.50564,-103.011345
mp-25569-1-0,-112.46317,-113.85404
mp-984315-1-0,-36.237217,-36.86623
mp-777080-1-1,-116.81599,-119.27804
mp-770000-1-3,-49.44458,-49.388714
mp-752606-1-0,-49.042,-48.719852
mp-765734-0-2,-20.801508,-20.891386
mvc-12592-1-0,-101.53783,-100.52148
mp-764563-0-2,-72.5071,-74.16627
mp-1569-1-0,-17.40076,-17.890196
mp-9664-1-19,-46.410828,-47.650944
mp-23709-1-3,-36.431976,-36.77795
mp-764431-1-1,-95.77259,-95.358
mp-754739-0-0,-109.991684,-108.86229
mp-850079-1-6,-84.40913,-84.93411
mp-20422-1-0,-32.73129,-32.464233
mvc-11417-1-10,-84.13573,-84.21404
mp-32449-0-13,-76.16989,-75.54587
mp-763184-0-2,-99.66151,-99.315895
mp-764699-0-2,-130.82768,-130.02824
mp-763137-1-0,-128.52112,-127.848915
mp-999543-1-0,-30.141531,-30.081432
mp-625474-0-2,-76.57626,-76.99551
mp-764227-1-1,-54.175713,-53.8854
mp-20793-1-9,-34.682667,-34.18644
mp-556585-0-1,-77.07815,-75.83121
mp-1143-0-1,-74.812935,-74.61913
mp-981215-1-1,-11.054974,-11.613391
mp-765534-1-0,-47.868355,-46.898342
mp-772267-0-2,-101.561516,-101.29664
mp-773270-1-0,-102.23686,-103.68635
mp-780210-1-0,-129.2487,-129.0925
mp-998913-1-0,-17.787514,-18.804583
mp-765718-1-5,-73.409454,-73.014534
mp-715593-1-0,-92.04532,-91.55759
mvc-2085-1-1,-121.04596,-122.12122
mp-769836-1-1,-69.341064,-69.092415
mvc-5134-1-0,-145.70236,-145.75816
mp-505522-0-3,-78.22047,-77.78887
mp-7187-1-0,-25.67878,-25.371756
mp-769952-1-2,-157.91898,-158.68562
mp-773565-0-2,-95.14367,-95.73197
mp-24041-0-4,-104.65744,-104.54051
mp-765887-1-0,-47.99889,-47.258377
mp-560929-0-2,-101.774605,-100.493614
mp-772624-1-0,-106.70125,-105.81015
mp-557762-0-2,-44.068085,-44.008602
mp-73-0-0,-7.782638,-8.384439
mp-23794-1-0,-53.426918,-52.82228
mvc-12967-1-0,-47.822506,-47.303806
mvc-8346-1-6,-125.30688,-125.02136
mp-768063-0-2,-83.73246,-83.79574
mp-676599-0-2,-105.105644,-102.790825
mp-754369-1-0,-67.67048,-68.32984
mvc-16777-1-3,-86.23565,-86.13943
mp-676599-1-0,-103.975845,-101.99368
mp-768680-1-1,-52.15343,-51.750256
mp-973875-0-7,-13.357648,-13.591432
mp-4627-1-8,-68.864456,-66.696785
mp-1009019-1-1,-15.084189,-14.913669
mp-774124-1-7,-29.63352,-29.865726
mp-763704-0-2,-117.00337,-116.31669
mp-571033-0-1,-19.448296,-18.950201
mp-27915-1-1,-100.007034,-100.64905
mp-764027-1-0,-74.06315,-74.11868
mp-849368-0-2,-132.67517,-131.79532
mp-1014214-1-3,-15.845724,-22.902002
mp-7576-1-0,-62.59858,-62.84289
mp-850079-0-2,-84.451004,-84.938576
mp-775109-1-3,-89.49426,-89.04473
mp-540363-1-2,-146.62448,-146.96408
mp-1020712-0-5,-105.93727,-105.11036
mp-765912-0-2,-60.165024,-60.323254
mp-642236-1-5,-82.571724,-84.83683
mp-1009131-1-2,-13.467902,-13.877305
mp-973374-1-0,-10.428927,-10.187781
mp-849703-1-0,-93.55645,-94.72299
mp-601285-1-0,-24.948387,-24.777906
mp-775069-0-5,-98.35773,-98.53686
mp-760594-0-2,-113.84727,-114.48958
mp-767173-1-1,-99.15427,-100.61249
mp-557142-1-0,-34.375027,-35.930527
mp-19814-0-28,-31.705196,-31.32121
mp-764820-1-0,-70.16651,-68.73683
mp-6134-1-0,-102.23979,-102.46296
mp-764899-1-2,-74.35915,-74.09342
mp-760814-0-2,-86.84768,-87.010704
mp-684668-0-2,-40.48935,-42.114697
mp-1900-1-0,-36.363026,-36.897636
mp-676049-0-2,-32.96725,-32.48436
mp-10046-0-0,-68.37534,-65.94051
mp-1019550-1-6,-109.95417,-109.591125
mp-770760-1-0,-131.25911,-131.07576
mp-765966-1-1,-41.745102,-42.2304
mp-8262-0-1,-41.272903,-41.410374
mp-545974-0-2,-89.7123,-89.557556
mp-764220-1-4,-55.49601,-55.157375
mvc-15495-1-0,-90.04252,-90.37187
mp-763609-1-0,-126.67699,-126.82565
mp-755264-1-0,-17.746801,-18.018019
mp-771857-1-1,-120.89145,-121.23961
mp-971744-0-2,-22.352537,-22.245394
mvc-15550-1-11,-56.60025,-57.67212
mp-780750-0-2,-99.67344,-99.89477
mp-510623-1-1,-137.58798,-137.20807
mp-864931-1-1,-63.622032,-64.463066
mp-684904-0-2,-20.212204,-20.80553
mp-620871-1-0,-169.19989,-166.53365
mvc-4637-1-1,-100.865685,-103.25135
mp-763967-0-8,-97.329155,-98.17831
mp-862340-0-3,-21.657324,-21.854546
mp-631274-1-2,-12.869324,-12.737715
mp-851037-0-2,-119.75433,-119.74024
mp-569450-1-1,-106.31956,-105.33605
mvc-13426-0-2,-25.620905,-25.911701
mp-984102-1-0,-52.336735,-54.691612
mp-676586-1-14,-42.71752,-43.103745
mp-714904-1-4,-73.041115,-74.026886
mp-771844-0-2,-86.69752,-86.79319
mp-554355-1-0,-16.766323,-16.75745
mp-17190-1-0,-104.40658,-102.55641
mp-9172-1-10,-113.863655,-113.5052
mp-780001-1-3,-93.67292,-94.916985
mp-2700-1-0,-13.994964,-14.058447
mp-556767-0-6,-39.87974,-54.33913
mp-28491-1-4,-76.31458,-75.791534
mp-973156-0-2,-32.537342,-33.491497
mp-4386-1-27,-88.79953,-88.04747
mp-767692-1-0,-95.19336,-95.61579
mp-1008728-1-0,-5.681383,-5.35069
mp-22992-1-0,-43.00425,-43.013264
mp-853165-1-1,-60.042606,-59.257896
mp-540-1-1,-48.14002,-47.886745
mp-763992-1-7,-137.66397,-136.77379
mp-1025550-0-6,-63.985676,-63.097054
mp-752930-0-2,-65.135025,-65.39582
mp-1008524-0-0,-15.64726,-15.701814
mp-1008282-0-2,-36.886364,-36.2686
mp-764407-1-0,-76.222595,-76.80721
mp-23339-1-0,-75.40754,-86.75428
mp-766910-0-2,-95.75976,-95.885544
mvc-12157-0-2,-107.249695,-107.61037
mp-714944-1-8,-45.637535,-45.50429
mp-765007-1-4,-97.21441,-96.28456
mp-1009221-1-0,-7.096314,-7.121852
mp-559584-0-4,-85.08367,-86.44144
mp-20228-1-3,-24.896177,-24.748877
mp-853153-1-1,-71.21244,-70.90203
mp-773209-0-4,-110.91716,-110.91964
mp-16356-1-5,-81.302666,-81.24758
mp-778560-1-2,-129.98537,-131.64085
mp-982381-1-3,-12.3083105,-12.964526
mp-763883-0-2,-92.459564,-92.32945
mp-1025359-1-0,-35.592525,-35.08637
mp-608391-1-3,-93.76278,-99.12271
mp-780824-1-0,-74.35599,-74.168236
mp-28832-1-0,-130.8348,-130.93785
mvc-8202-0-2,-133.9881,-133.76616
mp-22631-1-5,-44.676,-42.697018
mp-766784-1-0,-87.37656,-87.11501
mp-35308-0-31,-20.560524,-20.276499
mvc-11840-0-2,-128.26488,-128.83226
mp-942700-1-0,-88.341675,-87.36437
mvc-15239-1-2,-24.89032,-25.81325
mp-29145-0-44,-79.35252,-79.5333
mp-755633-0-2,-48.50538,-48.963303
mp-762850-1-0,-74.19775,-74.81069
mvc-15502-1-0,-93.87217,-96.79287
mp-763901-0-2,-132.67258,-132.8588
mp-761501-0-2,-59.62886,-59.251194
mp-765690-0-2,-76.97686,-76.87083
mp-770112-1-1,-65.98248,-65.03788
mp-773310-1-0,-129.33574,-128.6567
mp-7-1-0,-24.213026,-24.709146
mvc-12238-1-9,-99.41977,-99.33242
mvc-15849-1-0,-45.75257,-46.107693
mp-755300-0-0,-53.23585,-53.285446
mp-559415-0-23,-128.11896,-128.15642
mp-3930-1-1,-98.37489,-98.3686
mp-1009485-0-2,-17.649593,-17.135828
mp-1003311-1-13,-50.734802,-49.93777
mp-30175-0-12,-13.499056,-13.516267
mp-540676-0-2,-44.889694,-44.995373
mp-625509-1-0,-20.622387,-20.824148
mp-765668-1-6,-134.76495,-133.52461
mp-92-0-0,-10.270942,-10.631684
mvc-2863-1-0,-90.042305,-90.73579
mp-7590-0-1,-9.914605,-10.155633
mp-754790-1-0,-147.629,-147.46767
mp-625857-0-2,-95.94721,-96.00106
mvc-8341-1-0,-94.93583,-95.32989
mp-764021-1-0,-92.70285,-92.96474
mp-766918-0-3,-70.69945,-73.36116
mvc-12347-1-4,-80.167274,-80.72567
mp-10518-1-0,-56.20708,-56.128864
mp-634659-0-2,-1.1157798,-1.5835588
mp-849964-1-4,-101.3337,-101.04032
mp-773299-1-0,-92.11586,-91.28202
mp-997107-1-1,-36.798378,-36.9521
mvc-14816-0-5,-83.35064,-86.79397
mp-554159-1-0,-107.41502,-107.3822
mp-30965-0-23,-31.292809,-35.43334
mp-2404-1-0,-20.960732,-20.863039
mp-1863-0-1,-61.59474,-60.450546
mp-625199-1-14,-58.414948,-58.741367
mp-675625-1-6,-58.483242,-58.06723
mp-13-1-2,-8.459424,-7.092613
mp-23376-1-18,-44.572266,-47.9603
mp-9716-1-4,-84.69848,-85.524345
mp-559437-0-23,-96.177505,-96.31252
mp-28770-1-0,-65.196304,-62.360172
mp-778624-0-2,-106.43953,-106.36216
mp-23891-1-0,-26.932295,-26.785852
mp-2767-1-3,-23.723412,-23.47869
mp-13060-0-1,-44.62998,-44.27936
mp-868388-1-0,-111.956245,-111.838196
mp-755974-1-0,-21.867485,-21.188093
mp-770797-1-2,-96.0038,-95.638504
mp-14411-1-0,-87.30114,-87.62136
mp-765530-1-1,-76.78117,-77.62966
mp-775113-1-0,-25.126362,-24.602499
mp-861901-1-1,-13.92918,-13.9570265
mp-10899-0-16,-25.941141,-26.079
mp-625385-1-0,-57.487823,-59.288254
mp-23186-1-7,-100.10602,-103.26922
mp-763923-1-0,-93.69921,-93.58872
mp-961684-1-1,-11.481703,-11.386895
mp-19091-1-0,-14.575557,-15.4810095
mp-344-1-0,-68.53108,-66.45786
mp-765885-1-0,-110.7037,-111.16453
mp-767256-1-1,-97.43857,-98.41389
mp-560902-0-2,-38.56299,-37.55615
mvc-5346-0-2,-154.23195,-154.46574
mp-764220-0-2,-55.517223,-55.1692
mvc-16796-0-2,-108.0784,-108.80094
mp-978261-1-0,-24.677855,-24.412872
mvc-5117-0-2,-153.31732,-153.69215
mp-15252-1-11,-54.2741,-54.233658
mp-5498-1-0,-31.683464,-32.114506
mp-1602-1-14,-31.423243,-31.131723
mp-27508-1-4,-34.63676,-35.026134
mp-771102-1-0,-117.83897,-118.799225
mp-763274-0-2,-123.336464,-122.95071
mp-12178-0-1,-93.46301,-92.13624
mp-4499-1-10,-43.584274,-44.72401
mp-974330-1-5,-7.2809396,-9.154801
mp-675310-0-6,-99.09423,-99.6652
mvc-14229-1-1,-77.25697,-77.37133
mp-799-0-4,-101.77415,-101.044624
mp-556585-1-2,-77.07098,-75.83105
mp-677242-1-34,-66.96171,-68.68884
mp-8926-1-0,-68.19489,-70.073006
mp-1003402-0-0,-28.494955,-28.11646
mp-22917-1-8,-12.399656,-12.486707
mp-643743-0-2,-67.84148,-67.5315
mp-765444-0-2,-66.4584,-67.062035
mvc-4001-1-0,-123.00271,-124.10704
mp-23956-0-1,-19.10897,-18.97817
mp-771097-0-2,-101.0924,-101.27437
mvc-11741-0-3,-81.13897,-80.27537
mp-762326-1-0,-69.40025,-70.34836
mvc-14182-1-0,-46.610256,-46.437206
mp-1031308-0-13,-88.080666,-90.144646
mp-767264-1-4,-67.765434,-67.02454
mp-984628-1-1,-31.544764,-33.34344
mp-582060-1-8,-42.19546,-44.38042
mp-1014910-0-54,-101.68114,-95.88747
mp-4497-0-3,-81.31599,-80.53602
mp-27693-1-2,-161.70035,-159.97026
mp-978261-1-1,-24.699997,-24.412825
mp-989399-1-1,-38.935856,-39.223995
mp-632676-0-4,-108.55826,-108.69019
mp-780746-1-0,-121.92184,-122.02338
mp-767174-1-2,-48.71767,-48.55633
mp-567389-1-0,-10.642773,-10.5903225
mp-777235-0-2,-131.88538,-131.70123
mp-11280-1-6,-53.575577,-54.392605
mp-10047-1-7,-65.7396,-65.988014
mp-34337-1-1,-26.96159,-26.882711
mp-773326-1-2,-43.195217,-43.499626
mp-765786-1-0,-82.94879,-83.91912
mp-1871-1-9,-51.946667,-51.16956
mp-2773-1-0,-11.472096,-11.099345
mp-771844-1-2,-86.68216,-86.790665
mp-714880-1-3,-46.581734,-45.766117
mp-27502-0-68,-36.637653,-37.891537
mp-3536-1-0,-99.46152,-99.475365
mp-760381-1-1,-8.60344,-9.057767
mp-1007992-1-0,-24.411041,-24.800146
mp-764683-1-1,-52.1332,-52.653736
mp-622570-1-0,-57.268406,-57.696827
mp-780543-1-4,-98.25496,-97.89088
mp-771661-1-3,-76.39672,-75.542534
mp-560311-0-1,-95.734024,-95.14851
mp-626083-0-2,-123.92578,-124.175735
mp-634434-1-7,-126.39403,-129.1029
mp-1009555-1-1,-21.655643,-21.36796
mp-753397-1-1,-79.76833,-80.116035
mp-769851-1-0,-93.35257,-94.54488
mvc-3728-0-19,-107.535446,-108.84106
mp-2052-0-0,-13.737244,-13.704684
mp-853131-1-1,-101.84218,-101.52242
mp-622496-0-6,-123.43566,-120.698494
mvc-11190-0-2,-66.0234,-65.3355
mp-8883-1-2,-16.725998,-15.933112
mp-3338-1-12,-87.004265,-86.8921
mp-624478-0-0,-105.06403,-104.45332
mp-961658-0-0,-21.51011,-21.19426
mp-570589-0-3,-21.178013,-22.46759
mp-776784-0-2,-49.599,-49.363712
mp-2189-1-0,-27.404383,-27.05137
mp-22904-1-0,-25.758177,-25.026161
mp-556985-1-4,-94.40079,-94.427536
mp-632672-1-0,98.95228,47.400288
mp-763201-0-2,-130.66321,-129.99352
mvc-4889-1-0,-114.32847,-114.93606
mp-15895-1-14,-57.32476,-57.190826
mp-761526-1-0,-69.79737,-71.11091
mp-765908-1-1,-102.060005,-100.76888
mp-766926-1-0,-82.77219,-84.42388
mp-984518-1-2,-12.923636,-12.941105
mp-556633-1-0,-102.43425,-102.33677
mp-655446-1-9,-11.663486,-15.678449
mp-24412-1-0,-59.964054,-59.927914
mp-1002572-1-1,-52.666946,-52.159546
mp-1001016-0-0,-75.46519,-74.727974
mvc-15842-1-0,-32.261097,-34.01643
mp-11714-1-0,-60.21624,-60.31013
mp-626000-0-2,-27.251379,-27.079514
mp-765668-1-0,-133.91702,-133.13913
mp-694890-0-2,-145.83513,-145.78769
mp-778719-1-3,-117.032005,-116.31681
mp-1099-1-8,-44.03656,-44.085735
mp-769923-0-2,-168.63258,-168.66663
mp-763788-1-0,-126.54828,-126.65818
mp-777393-1-2,-105.247375,-105.05813
mp-1018027-1-1,-19.740253,-18.547556
mp-761623-0-2,-105.14955,-106.13453
mp-672959-1-0,-127.419235,-127.63019
mp-977123-1-0,-35.193966,-35.258827
mp-976412-1-2,-7.378063,-7.863188
mp-999204-1-0,-18.360556,-18.685461
mp-774172-1-1,-117.29316,-116.348976
mp-25480-1-1,-79.007614,-79.45176
mp-864928-1-5,-6.7377114,-8.245097
mp-865-1-3,-44.936428,-45.00922
mp-1001080-1-0,-75.80487,-75.090324
mp-642810-1-0,-38.845154,-44.780785
mp-23717-0-3,-122.43693,-122.70922
mp-765685-1-0,-50.362965,-49.618214
mp-23538-1-0,-83.926544,-80.96015
mp-764923-1-0,-55.92247,-55.95303
mp-694-0-17,-18.143494,-18.26039
mp-977200-1-6,-8.919043,-11.001491
mp-977200-0-2,-8.936585,-11.017713
mp-1009830-1-0,-4.6941895,-7.4749455
mp-545706-1-5,-57.815075,-57.816174
mp-769644-0-2,-99.41391,-99.45356
mp-620871-1-5,-169.272,-166.58894
mvc-14389-1-2,-66.18232,-65.034386
mp-4122-1-0,-122.3113,-122.52466
mvc-11277-0-6,-63.321804,-62.9184
mp-27462-0-25,-58.36815,-58.42773
mp-29636-1-3,-84.51281,-84.8758
mp-765927-0-2,-100.445335,-99.60041
mp-696853-1-0,-122.25338,-122.662865
mp-769347-0-2,-119.27466,-118.80178
mp-561397-0-72,-92.76578,-94.2782
mp-675301-1-28,-54.26419,-55.132496
mp-777505-0-2,-123.105064,-123.169525
mp-546633-1-3,-26.178804,-29.297144
mp-1003486-0-0,-113.9619,-114.12534
mp-36864-1-0,-83.65366,-83.40455
mvc-3948-1-0,-121.122215,-123.19287
mp-616827-1-2,-103.37555,-102.23972
mp-559094-1-17,-82.40226,-82.65031
mp-1029368-1-1,-85.94713,-83.97458
mp-773326-1-0,-43.05087,-43.435863
mp-5778-0-4,-31.449755,-30.53175
mp-853155-1-0,-131.37607,-131.32243
mp-696114-1-28,-8.025146,-11.198883
mp-849699-0-2,-135.81194,-135.10074
mp-853151-0-2,-104.98511,-104.72061
mp-853151-1-3,-104.96454,-104.715706
mp-1009134-0-5,-17.43089,-16.89593
mp-12802-1-5,-33.609,-33.26981
mp-549687-0-8,-45.49842,-45.94206
mp-23193-1-0,-6.852078,-6.5900803
mp-774289-1-0,-125.68604,-126.59506
mp-764633-1-7,-100.33028,-99.708954
mp-755243-1-1,-40.61188,-40.032032
mp-850946-0-2,-78.22319,-79.346565
mp-974571-1-0,-62.373463,-62.860603
mp-570112-1-0,-95.4267,-93.37632
mp-27699-0-106,-62.65516,-63.44876
mp-849231-1-0,-100.90404,-100.59907
mp-763976-0-2,-106.89275,-108.03154
mp-28117-1-6,-39.07392,-37.89742
mp-676723-1-28,-80.350136,-80.44696
mp-767706-1-0,-116.17099,-116.078094
mvc-11097-0-2,-47.15509,-52.356125
mp-555235-0-2,-94.94429,-94.905876
mp-780819-1-2,-120.32518,-120.23183
mp-770104-1-0,-89.69442,-89.37977
mvc-14034-1-0,-79.46179,-77.980865
mp-754739-1-1,-109.993484,-108.86279
mp-776619-1-0,-104.725334,-104.897736
mp-611771-1-3,-23.111523,-23.506626
mp-853248-1-0,-99.99968,-100.20498
mp-851042-1-4,-108.07007,-107.49414
mp-15679-0-1,-24.588388,-24.358225
mp-775117-1-0,-110.82403,-112.53063
mp-771787-1-0,-90.09151,-89.833275
mp-7352-0-1,-49.62822,-50.17789
mp-4185-1-0,-108.06233,-107.29131
mp-1017548-1-3,-23.954468,-23.966032
mp-569532-1-1,-95.12913,-94.85984
mvc-16781-1-2,-80.9792,-81.69355
mp-761324-0-4,-86.20276,-86.397995
mp-764602-1-0,-58.614883,-59.44519
mp-675818-1-0,-63.469425,-64.156136
mvc-8320-0-4,-110.700645,-110.1662
mp-628824-1-4,-93.93325,-93.6999
mvc-6475-1-3,-112.981255,-114.00225
mp-4978-0-2,-65.10745,-64.08472
mp-690490-0-2,-50.046585,-49.56506
mp-1007821-1-0,-23.436897,-23.716848
mp-6553-0-2,-156.11702,-156.70012
mp-661-0-0,-29.779675,-28.898989
mp-764279-1-2,-104.82693,-105.232796
mvc-34-0-7,-72.82124,-74.35392
mp-765319-0-2,-118.0938,-119.16589
mp-775020-1-0,-78.314445,-77.971016
mp-13150-1-0,-17.462654,-17.057058
mp-28027-0-183,-75.59199,-72.5873
mp-644751-1-4,-68.1195,-65.4249
mp-763922-0-6,-81.160255,-81.18884
mp-5594-0-1,-93.017685,-93.1617
mp-7372-0-2,-49.49316,-49.446953
mvc-16625-1-0,-84.870186,-86.281944
mp-773273-1-0,-96.0401,-95.55847
mp-557630-1-0,-66.07543,-65.873344
mp-769803-1-1,-85.219635,-86.16364
mp-762870-0-2,-108.47611,-110.159805
mp-6332-1-0,-132.40755,-132.04459
mp-769733-1-1,-144.08623,-143.31187
mp-24336-1-23,-40.775658,-40.863567
mp-850895-0-4,-81.10604,-81.08776
mp-978288-0-2,-22.97287,-23.09588
mp-569424-1-1,-108.014046,-106.85689
mp-2741-1-0,-17.568617,-17.410688
mp-25522-0-8,-132.43152,-132.55794
mp-1667-1-0,-38.108814,-38.039413
mvc-4949-1-0,-85.853874,-86.98863
mp-775528-0-2,-53.816093,-55.086132
mp-625055-1-7,-52.028904,-51.63178
mp-773365-1-1,-85.61702,-85.49155
mp-759287-0-2,-47.295586,-47.123722
mp-778696-0-4,-106.27565,-106.38499
mp-764349-0-2,-77.9048,-79.337585
mp-776528-1-0,-133.7538,-134.29732
mp-24422-1-0,-21.845167,-21.15904
mvc-11739-0-2,-85.08433,-85.43376
mp-18759-1-0,-107.11807,-105.475845
mp-23803-0-2,-44.94869,-44.44955
mp-768037-1-0,-86.07688,-85.35168
mp-771763-0-2,-88.29375,-88.03556
mvc-16739-1-0,-66.24047,-64.29939
mp-850936-1-0,-76.80171,-76.20234
mp-867252-0-2,-11.220586,-10.889529
mp-973444-0-0,-8.88251,-11.29486
mp-27367-0-50,-70.88997,-70.41566
mp-778344-1-0,-76.83542,-76.40017
mp-760501-1-0,-113.523125,-113.54093
mp-2639-1-0,-11.351193,-11.525338
mvc-16234-0-2,-94.00063,-93.787895
mp-4979-1-4,-38.70071,-38.689056
mp-32328-1-3,-87.15,-87.993614
mp-765046-1-0,-78.8094,-79.170235
mp-12948-0-11,-49.194477,-48.8768
mp-752947-1-1,-22.844572,-23.049734
mp-12609-0-0,-18.9387,-21.041555
mvc-27-1-9,-86.247215,-87.161095
mp-31935-1-1,-71.138565,-71.905914
mp-569685-1-1,-8.890407,-9.2296
mp-550925-1-2,-72.69883,-73.06905
mp-769558-1-0,-72.93954,-72.4663
mp-28916-1-0,-74.61312,-74.980705
mp-28989-0-3,-53.34806,-55.407124
mp-776911-1-1,-47.139378,-46.249172
mp-2554-1-2,-21.475183,-21.28613
mp-961698-1-1,-9.840523,-9.972748
mp-27814-0-24,-66.05649,-65.97185
mp-11350-1-0,-54.219055,-54.09768
mp-29863-1-0,-72.74974,-74.6309
mp-1022672-1-5,-14.885208,-17.125097
mp-777196-1-0,-103.19434,-103.4705
mp-849601-1-1,-122.77363,-123.1031
mp-554151-1-7,-94.81695,-94.78118
mp-755313-1-1,-90.19279,-89.95511
mp-972884-0-2,-21.87715,-22.34585
mp-555821-0-5,-80.55811,-80.19554
mp-632329-0-9,-18.230448,-18.49718
mp-690577-0-2,-79.29252,-78.80419
mp-981209-1-0,-29.77815,-30.92141
mvc-2614-1-3,-107.60113,-108.816
mp-961675-0-3,-20.627678,-20.546745
mp-754638-0-2,-105.82816,-105.97264
mp-775319-1-0,-89.38614,-89.06722
mp-761738-0-2,-77.08614,-76.748344
mp-763693-0-2,-122.2014,-122.013466
mp-761327-0-2,-77.02991,-78.811356
mp-777089-1-0,-133.90422,-134.48378
mp-998914-1-0,-16.918686,-17.886066
mp-771738-1-2,-109.18539,-107.89412
mp-8002-1-0,-22.677788,-22.146286
mp-849388-1-0,-88.46775,-88.500244
mvc-9986-1-0,-94.24355,-92.827095
mp-1009581-1-2,-17.958502,-17.984495
mp-675576-1-10,-26.648373,-26.857903
mp-542613-1-5,-82.744095,-82.710754
mp-570032-0-19,-21.075544,-22.47782
mp-765554-1-3,-67.10321,-65.89889
mp-613235-1-0,-70.73256,-71.19425
mp-1014281-1-0,-12.960808,-20.912127
mp-28233-1-0,-16.085142,-15.980521
mp-1007992-1-3,-24.493286,-24.925365
mp-3880-0-5,-81.37135,-81.33434
mvc-14915-1-5,-111.67666,-112.2942
mp-764812-1-0,-103.25957,-103.07104
mp-997511-1-3,-93.68808,-93.75919
mp-777322-1-0,-66.58789,-67.026146
mp-34146-1-1,-78.99679,-78.83944
mp-761329-1-3,-146.88087,-147.57475
mvc-11741-1-0,-79.91318,-79.22921
mp-557146-0-8,-137.51633,-138.79912
mp-766914-1-0,-116.83311,-116.249245
mp-1001790-1-0,-19.13987,-19.988417
mp-767182-1-0,-103.712975,-104.0131
mp-9947-1-8,-105.38713,-105.33733
mp-5131-1-12,-42.94677,-43.114796
mp-849604-0-2,-76.275955,-78.60161
mp-24242-1-46,-72.50927,-72.54141
mp-769560-0-2,-104.96458,-105.19662
mvc-14048-0-2,-86.37205,-88.18441
mp-771841-1-2,-78.01986,-78.90208
mp-8392-1-0,-94.18154,-93.255394
mp-557954-1-0,-121.37942,-122.727295
mp-971753-1-0,-14.046006,-14.754907
mp-570778-1-15,-28.236103,-35.52708
mp-568816-0-59,-119.805305,-117.18105
mp-853210-1-0,-78.76385,-78.08674
mvc-3728-1-8,-107.20853,-108.66703
mp-568052-1-0,-24.166277,-24.792336
mp-22575-0-2,-136.33688,-135.58183
mvc-8341-1-3,-98.11878,-98.01342
mp-568428-0-1,-47.105736,-45.79192
mp-765987-1-1,-45.675694,-45.05329
mp-10281-1-3,-28.059095,-28.091032
mp-782711-0-2,-110.45432,-110.359764
mp-13128-1-0,-61.315346,-61.438572
mp-8187-0-1,-39.856865,-40.306202
mp-976414-1-0,-7.3374996,-7.836273
mp-27249-1-0,-28.140123,-27.830088
mp-19189-1-3,-57.019863,-57.38122
mp-27689-1-1,-43.172768,-41.365322
mp-765804-0-2,-76.5447,-76.49142
mp-546226-0-27,-34.171783,-34.097
mvc-12366-1-0,-106.857704,-107.80082
mp-763921-1-0,-95.17908,-96.9629
mp-868608-1-0,-106.92908,-106.8321
mp-675105-1-3,-44.940918,-48.852566
mp-777418-0-2,-71.94988,-71.668724
mp-504825-1-8,-45.623974,-48.338596
mp-555760-0-6,-36.779842,-37.161346
mvc-16029-0-2,-45.270195,-45.59763
mp-12771-1-1,-5.9491167,-7.103017
mp-1024998-1-0,-37.914482,-38.931057
mvc-15728-0-2,-34.246017,-35.131428
mvc-11418-1-9,-80.94429,-82.39096
mp-23709-1-0,-36.338383,-36.704754
mp-28214-0-27,-35.39431,-35.007824
mp-779934-1-0,-104.41947,-104.64582
mp-865014-0-2,-15.207942,-15.234795
mp-772472-1-3,-94.33343,-94.60175
mp-764145-1-0,-68.33431,-70.59174
mp-571-1-3,-14.371992,-14.6323595
mp-764221-1-0,-68.59988,-68.42163
mp-567944-1-7,-73.88028,-79.20478
mp-773280-0-2,-132.8232,-132.55676
mp-559033-1-8,-95.86972,-93.2934
mp-568943-1-0,-88.07322,-88.72808
mp-1029763-1-1,-98.555244,-101.16561
mp-1020059-1-5,-76.224915,-76.623085
mp-765696-0-2,-87.32107,-87.4377
mp-849511-0-2,-115.88861,-115.098335
mp-545756-1-0,-25.390728,-25.063755
mvc-13161-1-3,-137.44325,-137.81937
mp-643561-0-10,-56.01848,-58.165516
mp-691107-0-2,-72.07748,-71.70597
mp-780807-1-4,-103.46973,-103.011696
mp-777899-1-3,-104.40299,-104.54243
mp-30657-1-0,-24.642483,-24.421629
mp-777130-0-2,-35.533924,-35.198795
mvc-10888-1-1,-71.259865,-70.44162
mp-625475-1-0,-75.241035,-75.74518
mp-756436-1-0,-25.959805,-26.049665
mp-763982-1-3,-85.616356,-86.14241
mp-2780-1-10,-40.912178,-40.03963
mp-10394-0-4,-43.25104,-43.365326
mp-780542-1-0,-96.7156,-96.31254
mp-767669-1-3,-117.57421,-117.66004
mp-22204-1-7,-84.77068,-84.89498
mp-1029763-1-0,-98.5552,-101.166306
mp-770105-0-2,-108.810646,-110.63771
mp-21306-1-9,-91.42697,-92.15832
mp-763318-0-2,-74.705734,-74.64363
mp-767187-1-4,-103.485596,-104.03404
mp-699296-1-0,-89.49561,-90.06129
mp-866271-0-3,-58.36941,-58.32433
mvc-15155-1-0,-97.006905,-100.21978
mp-19305-0-3,-120.83467,-119.78918
mp-1025322-1-9,-39.940063,-39.939518
mvc-6917-1-0,-81.15478,-82.50634
mp-886-0-3,-60.35699,-59.938816
mp-774326-0-2,-76.997925,-76.694405
mp-1598-0-5,-21.419498,-20.496855
mp-862565-0-2,-27.859146,-27.964752
mvc-4854-0-2,-109.74971,-110.108986
mp-4187-0-9,-67.09513,-67.010635
mp-771810-0-2,-74.69681,-74.918434
mp-763940-1-0,-61.70997,-61.67274
mp-555201-0-3,-96.05846,-95.07252
mp-630299-1-5,-131.78534,-131.30301
mp-636056-0-7,-44.94206,-43.541523
mp-862632-1-1,-10.238169,-10.363322
mp-999059-1-0,-28.23448,-28.104624
mp-763318-1-4,-74.69226,-74.62818
mp-1023507-1-3,-32.272285,-31.635267
mp-9973-0-3,-34.913334,-34.170044
mp-850895-1-0,-81.02555,-81.02102
mp-765499-1-0,-53.011932,-52.876957
mp-764831-0-2,-76.4212,-76.55268
mp-763867-1-0,-44.38795,-44.19222
mp-8973-0-1,-86.678955,-86.42599
mp-849495-1-0,-108.11631,-108.79334
mp-768052-1-7,-91.51783,-91.9766
mp-570673-1-4,-36.901325,-36.904953
mp-557308-0-0,-70.16749,-70.09254
mp-990076-1-0,-38.565437,-39.08331
mp-778781-0-4,-23.56926,-23.397312
mp-769347-1-1,-119.26903,-118.7907
mp-30485-1-0,-15.54278,-16.979898
mp-19082-0-2,-85.81722,-84.60277
mp-13570-0-3,-45.74458,-45.730865
mp-558733-1-0,-136.76276,-137.0434
mp-704656-1-0,-69.009865,-67.88299
mp-10-1-0,-7.895254,-8.246654
mp-1017241-0-61,-17.9575,-19.627346
mp-555345-1-0,-22.671114,-23.227345
mp-765272-1-0,-59.458958,-59.927
mp-38103-0-7,-26.202929,-29.433569
mp-6124-1-0,-145.99255,-146.52098
mp-569843-1-6,-14.862337,-15.175643
mp-32959-1-6,-29.334127,-29.043505
mp-755175-1-0,-148.18219,-148.42035
mp-765978-0-2,-78.08106,-78.59823
mp-643749-1-9,-104.17884,-103.0974
mp-648988-1-9,-72.0079,-82.75329
mp-764151-1-6,-93.49509,-93.84902
mp-763441-1-0,-126.55678,-125.87978
mp-769902-1-0,-102.33057,-101.76237
mp-761481-1-0,-116.576546,-116.59692
mp-754549-0-2,-43.82779,-43.186825
mp-23795-0-16,-42.16925,-41.835728
mvc-7055-0-2,-37.89619,-37.942097
mvc-5137-1-0,-136.97351,-136.6899
mp-685105-1-0,31.570938,-7.1879826
mp-557302-0-50,-87.96892,-86.41795
mp-23684-0-5,-60.333588,-60.41243
mp-774712-1-1,-24.407623,-24.224028
mp-1038-1-1,-20.473253,-20.690989
mp-782702-1-3,-52.47761,-51.937115
mp-766721-0-2,-76.53332,-75.33264
mvc-959-1-0,-107.843765,-111.14383
mp-10876-1-4,-44.335022,-44.04788
mvc-3791-1-0,-118.729324,-122.615395
mp-1019379-0-0,-64.73171,-63.12518
mp-862340-1-0,-21.651226,-21.851166
mp-775044-1-1,-67.27045,-67.47523
mp-1016145-0-8,-71.274124,-71.14037
mp-864988-1-1,-32.31616,-31.416573
mp-24-1-8,-66.33407,-62.906013
mp-7147-0-2,-56.515926,-55.582615
mp-770105-1-0,-108.78639,-110.62051
mp-1009733-1-0,-10.761235,-10.72828
mp-766802-1-1,-70.94167,-70.76701
mvc-2157-0-2,-127.622925,-128.34903
mp-771980-1-1,-77.611496,-77.15567
mp-1015026-1-0,-97.96075,-92.40376
mp-32526-1-4,-66.46669,-65.930466
mp-769696-1-1,-104.316765,-103.900185
mp-757905-1-0,-97.46871,-98.32574
mp-769856-1-4,-92.52938,-92.34742
mp-779976-1-4,-104.65377,-104.999855
mp-626120-0-2,-103.86168,-102.72232
mvc-3236-1-0,-100.39666,-102.461075
mp-28793-1-0,-60.027153,-64.440285
mp-765462-1-0,-111.271034,-111.12715
mp-849602-0-2,-121.72537,-121.975365
mp-8430-0-1,-21.640259,-21.242983
mvc-13134-1-0,-103.42727,-108.04015
mvc-12414-1-0,-104.94826,-106.917854
mp-850009-1-0,-44.316334,-45.86097
mp-764040-1-7,-110.624245,-110.80465
mvc-12619-1-0,-92.64199,-93.37193
mp-762894-1-0,-98.847336,-99.654915
mvc-12526-1-2,-71.287315,-70.44837
mp-6745-1-22,-140.45042,-140.8678
mp-8634-0-2,-9.079337,-7.5466022
mp-769648-1-1,-132.09152,-131.81244
mp-764034-0-6,-82.40847,-83.39432
mp-778787-1-2,-86.510376,-85.85282
mp-2282-1-0,-58.89576,-57.215122
mp-639980-1-3,-74.28086,-75.08499
mp-21410-1-13,-52.522896,-52.90375
mvc-14150-1-0,-81.146835,-81.15314
mp-714977-0-2,-67.16532,-65.287346
mp-675747-0-21,-40.689903,-42.060963
mp-15779-0-2,-28.762112,-28.665836
mvc-16768-1-0,-83.79513,-85.08959
mvc-11425-1-0,-50.652443,-49.61077
mvc-2609-0-2,-106.85777,-109.71683
mp-765049-0-2,-66.428345,-67.53937
mp-867252-1-0,-11.196908,-10.881648
mp-753123-1-0,-63.18951,-62.648777
mp-765528-1-0,-80.84316,-80.97825
mp-34296-0-4,-84.46877,-83.841324
mp-766159-1-0,-86.47971,-86.20586
mp-27989-0-51,-35.41418,-36.594612
mp-39072-1-0,-16.999714,-37.82008
mp-782691-0-2,-102.5418,-102.52746
mp-775006-0-2,-64.338295,-63.783024
mp-29504-0-21,-17.712181,-23.569063
mp-3657-1-0,-30.180628,-29.841993
mp-758101-0-4,-74.41867,-74.500496
mp-504-1-4,-51.70619,-51.656696
mp-774063-0-2,-106.97239,-108.13355
mp-763935-0-6,-130.67339,-129.96532
mvc-15860-1-1,-41.837616,-42.41099
mp-764812-1-4,-103.423134,-103.23989
mp-22936-0-1,-20.443869,-20.272818
mp-1029702-0-0,-125.27801,-127.07559
mp-573691-1-0,33.078278,25.246538
mp-2715-1-9,-69.545784,-68.890495
mp-636978-1-18,-62.746525,-63.76518
mvc-16784-1-0,-68.33828,-68.09491
mp-1734-1-0,-9.688737,-9.951235
mp-2108-1-6,-123.7835,-122.96451
mp-3000-0-0,-41.55654,-40.73172
mp-15800-1-6,-49.767937,-50.51999
mp-19071-1-0,-95.123924,-94.201775
mp-12981-0-1,-16.421883,-17.839676
mp-27849-1-0,-43.786156,-43.36583
mp-765157-1-3,-115.01554,-116.50019
mp-626787-1-0,-110.012276,-108.770226
mp-4200-0-2,-97.81929,-97.71928
mp-30952-1-2,-25.874905,-26.150469
mvc-3128-0-2,-113.86654,-115.32605
mp-14-1-0,-9.892286,-10.2711935
mp-760590-0-3,-69.77185,-69.00805
mp-28240-1-4,-19.807888,-19.457829
mp-1015811-1-14,-18.731045,-21.918568
mp-761285-0-2,-91.58092,-91.18923
mp-14018-0-1,-18.562374,-19.279936
mp-1001831-1-1,-16.32043,-17.890303
mp-764697-1-0,-54.230556,-54.208065
mp-29624-0-160,-37.327816,-37.536236
mvc-13775-1-17,-53.111313,-52.264095
mp-769996-1-0,-100.60107,-99.72929
mp-1002568-1-0,-49.404713,-48.71665
mp-571033-1-7,-19.374641,-18.864174
mp-999096-1-0,-29.678581,-30.203104
mp-763328-1-0,-72.89002,-75.607254
mp-766721-1-0,-76.51991,-75.32973
mp-780856-1-3,-96.17353,-97.134384
mp-767196-1-0,-120.69984,-120.8962
mp-771398-1-6,-87.476456,-87.40201
mp-773233-0-12,-128.34378,-128.222
mp-765182-1-0,-57.287594,-57.39317
mp-34932-1-0,-13.046519,-13.146165
mp-762870-1-0,-108.42339,-110.13314
mp-762953-0-2,-96.524185,-96.92277
mp-765904-0-2,-52.792343,-52.46075
mp-631466-1-1,-17.083324,-19.486406
mp-754092-0-2,-178.80481,-180.98805
mp-763703-1-0,-94.43632,-95.31217
mp-762997-1-0,-107.2773,-106.96084
mp-764398-1-1,-116.891075,-119.5178
mp-1029338-0-0,-101.47692,-95.17672
mp-977244-1-0,-85.075966,-85.21671
mp-569876-1-1,-93.0882,-92.47439
mp-771522-1-5,-108.27946,-108.54739
mp-998890-0-0,-4.0646,-4.425782
mvc-13028-1-8,-47.752117,-49.172222
mp-763640-1-4,-157.96925,-158.4196
mp-772465-1-3,-96.76145,-95.22761
mp-763348-1-1,-37.961597,-37.56074
mp-764320-0-2,-63.419678,-62.977554
mp-1455-1-2,-73.136055,-73.21223
mp-973198-0-2,-3.9317982,-3.4569933
mp-853159-0-2,-76.72002,-77.64211
mp-611927-0-2,-75.927826,-75.278404
mp-11719-0-1,-19.298231,-19.449265
mvc-5180-0-2,-110.4713,-113.37881
mp-865014-1-3,-15.204067,-15.228565
mvc-11366-0-2,-125.76078,-128.13069
mp-770041-0-2,-82.882484,-81.94276
mp-558852-1-2,-63.199085,-62.669144
mp-767641-0-2,-116.07588,-115.77633
mvc-4633-1-0,-91.08198,-92.42452
mp-8230-1-0,-119.591286,-120.02201
mp-849435-1-1,-122.6333,-122.99736
mp-374-1-4,-24.017319,-24.18513
mp-782715-1-1,-69.7931,-69.94889
mp-567974-1-4,-20.698128,-22.180817
mvc-15319-1-1,-82.89791,-82.44065
mp-13994-0-1,-132.38644,-132.345
mp-764772-0-2,-137.90883,-138.2531
mp-773356-0-2,-81.32057,-81.973206
mp-11607-1-0,-113.14562,-112.95052
mp-774116-1-1,-107.28632,-107.66166
mp-625635-1-0,-36.98567,-39.85522
mp-19884-1-11,-137.63809,-136.51613
mvc-12635-1-0,-106.14824,-108.599304
mp-3934-1-8,-72.78784,-72.49519
mp-4262-0-0,-14.322637,-14.91388
mp-684604-1-0,-9.839413,-11.063525
mvc-11964-1-0,-93.99079,-95.238976
mp-1019563-1-16,-98.10203,-98.64751
mp-1025497-0-1,-66.397156,-64.38591
mvc-6933-1-4,-65.626366,-67.7407
mp-764910-0-2,-76.93574,-76.72359
mp-998860-1-1,-3.5715873,-3.7590082
mp-715488-1-0,-43.915234,-43.35359
mp-763099-0-2,-36.805454,-36.781464
mp-765922-1-3,-69.18662,-69.86298
mp-1025365-1-0,-39.44417,-39.307438
mp-8500-1-0,-46.083363,-45.41805
mp-15641-1-6,-39.773014,-38.873333
mp-781777-0-8,-52.58709,-52.419956
mvc-14346-1-1,-65.09442,-64.42426
mp-763009-1-0,-108.39517,-107.743004
mp-1431-1-0,-62.020977,-62.763096
mp-1067-1-0,-12.029049,-12.066306
mp-7595-1-0,-58.451225,-58.035816
mp-625072-1-1,-23.349876,-23.051435
mvc-8365-1-4,-96.72721,-98.35872
mp-976872-0-2,-16.555574,-17.04231
mvc-6920-1-0,-81.41746,-81.56437
mp-764136-1-1,-118.95769,-118.604195
mp-632512-0-1,-100.30928,-100.031624
mp-22701-1-0,-88.68677,-89.08726
mp-38975-0-5,-65.907646,-65.751366
mp-769655-0-0,-81.42684,-81.78241
mp-25118-0-2,-38.819046,-38.989857
mp-770056-0-5,-92.4771,-91.7266
mp-752858-0-2,-98.07346,-98.03389
mp-8322-1-0,-28.257687,-29.385094
mp-27668-1-1,-38.334534,-39.01616
mp-763941-1-2,-116.17876,-115.138275
mp-31217-1-6,-37.455452,-36.79435
mp-7302-1-0,-65.3748,-64.38116
mp-974058-1-0,-14.199752,-14.525812
mp-773569-1-2,-66.24907,-66.30416
mp-691129-0-2,-81.42618,-87.71494
mp-976446-0-0,-31.212,-31.469952
mp-765031-1-0,-80.57965,-80.08748
mp-11401-1-9,-41.502956,-41.061817
mvc-11332-1-10,-89.04687,-89.99853
mvc-16494-1-4,-119.3486,-122.66077
mp-16733-0-1,-54.086445,-54.457657
mp-763908-0-6,-136.2956,-135.1504
mp-767196-1-1,-120.71521,-120.912926
mp-13134-1-10,-57.0469,-58.270565
mp-8022-1-0,-10.210787,-12.216285
mp-18922-1-5,-96.84204,-95.58658
mp-765076-0-2,-118.47099,-119.06281
mp-765446-1-0,-92.14902,-91.984505
mp-764768-0-2,-76.73434,-77.67249
mp-773237-1-3,-120.6049,-121.55928
mp-608139-1-0,-49.210434,-57.1258
mp-559612-0-4,-48.816055,-49.998028
mp-6953-0-3,-34.562645,-34.567905
mp-4131-1-2,-35.34061,-34.95136
mvc-16794-0-2,-68.69541,-67.876976
mp-4238-1-0,-68.487335,-68.79673
mvc-4609-1-0,-73.14688,-72.79015
mp-763783-0-2,-61.20488,-61.492176
mp-765893-1-3,-76.19743,-75.38273
mp-3748-1-2,-26.02296,-25.153656
mp-972042-0-2,-16.349545,-16.930353
mp-777325-1-5,-132.70557,-131.77437
mp-32493-1-2,-59.905476,-61.344593
mp-23225-1-5,-27.35956,-27.20518
mp-850015-1-0,-122.9865,-124.53419
mp-766949-1-1,-59.958496,-61.171917
mvc-8473-1-7,-118.514435,-120.01149
mp-10225-1-0,-22.070704,-22.602026
mp-763784-1-1,-51.33967,-51.44746
mp-10044-0-2,-11.374606,-11.881333
mp-769772-1-0,-75.038956,-75.211426
mp-23933-0-0,-27.828222,-27.98417
mp-771610-1-1,-94.899925,-94.73583
mp-554462-1-0,-29.723932,-29.399893
mp-776172-1-0,-123.49092,-123.54536
mp-865930-0-0,-18.02498,-18.053236
mp-722860-0-2,-91.77732,-91.57845
mp-759288-1-0,-99.599724,-100.35033
mp-557522-1-7,-94.112465,-95.322914
mp-625488-1-8,-23.470491,-23.296629
mvc-8367-0-2,-99.48675,-101.88953
mp-849601-0-2,-122.80852,-123.11909
mp-774138-1-3,-89.8955,-88.83025
mp-21325-1-0,34.81371,26.453562
mp-33546-0-5,-86.38889,-85.46128
mp-778617-0-4,-76.951996,-76.67821
mp-770158-1-0,-83.48395,-83.90101
mp-691107-1-0,-69.18266,-68.97932
mp-998397-1-1,-46.24051,-44.236526
mp-626497-0-2,-81.7206,-81.78034
mp-771921-1-0,-96.430855,-97.09023
mp-769865-1-0,-110.042206,-109.96901
mp-1015612-0-12,-75.80363,-72.80845
mp-767077-0-2,-102.82215,-102.79887
mp-640173-1-3,-112.301216,-111.31713
mp-774337-0-4,-85.65476,-85.59413
mp-7791-1-7,-88.54098,-89.32965
mp-776217-0-2,-91.45073,-90.71972
mvc-15603-1-0,-31.10705,-32.96419
mp-29172-1-3,-78.374695,-79.41613
mp-622990-1-1,-25.810352,-25.596735
mp-21312-1-5,-118.15025,-118.17073
mp-868657-0-2,-77.61609,-77.13949
mp-767015-1-0,-109.08383,-110.946884
mp-568428-1-0,-47.105106,-45.791943
mvc-11654-1-0,-88.5797,-88.517876
mp-771786-1-2,-68.694466,-69.667
mp-29455-1-1,-79.57277,-79.28905
mp-546125-1-0,-88.015144,-88.3957
mp-769347-1-0,-119.268845,-118.79452
mp-861958-0-0,-29.481606,-30.302217
mp-553952-0-9,-39.299244,-39.250423
mp-5794-0-1,-79.19054,-78.409935
mvc-15814-1-0,-75.50748,-76.280495
mp-22961-0-1,-46.22201,-46.54369
mp-762019-0-2,-74.662994,-73.75608
mp-775097-1-2,-26.377174,-26.015995
mp-867896-1-3,-16.792831,-17.083876
mp-1345-1-0,-57.57488,-56.865116
mp-764015-1-0,-118.43044,-119.56693
mp-777475-0-2,-100.45826,-99.70029
mp-21289-1-0,10.970823,10.112937
mp-510133-0-2,-111.88793,-113.09463
mp-4720-0-9,-56.51576,-56.35925
mp-15619-1-0,-64.47102,-63.883785
mp-763944-1-2,-60.06447,-59.211258
mp-776511-1-0,-74.00646,-73.75577
mp-1418-1-1,-26.147177,-25.333656
mp-12411-1-0,-11.005104,-10.80827
mp-780873-1-3,-92.104904,-92.30543
mp-778725-1-0,-62.17981,-62.97394
mp-777248-1-0,-102.218124,-104.06802
mp-767908-1-0,-54.02072,-54.26088
mp-778590-0-3,-92.38882,-91.87827
mp-762894-1-6,-98.82782,-99.65452
mvc-15744-0-2,-27.524654,-29.45853
mp-976239-1-0,-10.83456,-10.81117
mp-640826-1-9,-133.68019,-133.26106
mp-1340-1-15,-38.90966,-38.562492
mp-767186-1-1,-72.34537,-72.941925
mp-764775-0-2,-76.22681,-76.821266
mp-754631-0-2,-29.090317,-28.268517
mp-21883-1-0,-30.192442,-29.662407
mp-547956-1-0,-68.52443,-67.4273
mp-756867-0-2,-113.088905,-112.82465
mp-696853-1-8,-122.70963,-123.0425
mp-675105-1-0,-44.915718,-48.825954
mp-4541-1-0,-19.25045,-18.565966
mp-684690-1-0,-62.904526,-62.37712
mp-22967-0-1,-26.200798,-25.413229
mp-504768-1-0,-102.78438,-102.13488
mvc-9979-0-2,-92.08374,-91.70173
mp-764051-0-2,-142.27565,-142.15407
mp-770987-1-0,-82.24808,-81.957535
mp-25380-1-10,-80.160866,-82.909386
mp-14232-1-0,-56.022533,-55.89225
mp-983590-1-0,-20.483744,-20.274458
mp-763989-1-2,-119.01183,-118.599434
mp-763240-1-1,-92.242905,-92.64203
mp-742-1-3,-20.245546,-20.891954
mp-24041-1-0,-104.148506,-104.09254
mp-9549-0-4,-63.254753,-62.944477
mp-988945-1-1,-72.59309,-72.909325
mp-777435-0-2,-98.32944,-98.80396
mp-1016930-1-1,-25.71163,-26.027857
mp-622553-0-3,-121.605736,-122.596016
mp-1040468-1-4,-39.034084,-37.98894
mp-632296-1-0,-16.408897,-16.48563
mp-20559-0-26,-69.01776,-69.50649
mp-774712-1-0,-24.40677,-24.22281
mvc-12327-1-0,-103.899315,-103.57424
mp-980940-1-0,-30.601645,-32.79665
mp-1425-0-3,-55.027752,-56.243763
mp-765049-1-0,-66.381676,-67.50712
mp-28391-0-102,-76.191086,-76.51489
mp-557308-1-0,-70.11615,-70.047066
mp-972937-1-0,-62.051502,-61.810818
mp-541310-0-4,-44.964005,-44.76483
mp-555201-1-1,-96.01956,-95.07185
mp-9884-0-1,-38.304,-37.34051
mp-780633-1-3,-76.92421,-76.71104
mp-767197-0-2,-117.71494,-119.662224
mp-775096-1-0,-108.110176,-109.002045
mp-985587-1-11,-109.00217,-109.60891
mp-7822-0-1,-108.15049,-105.90086
mp-973736-1-0,-16.866755,-17.964739
mp-684903-0-2,-88.23564,-83.722
mp-554340-1-0,-37.88053,-37.072895
mp-8432-1-0,-28.19407,-27.475435
mp-560151-1-0,-132.33156,-132.23344
mp-1017539-1-3,-16.9884,-16.723898
mvc-15358-0-7,-58.919445,-55.31348
mp-1020031-0-1,-118.08677,-119.45126
mp-695-0-3,-46.03057,-46.609104
mp-773251-0-2,-103.89917,-103.40137
mvc-6924-0-2,-63.732754,-64.448494
mp-767980-1-0,-85.410255,-86.3504
mp-760594-1-0,-113.842705,-114.49159
mp-765865-0-3,-72.73261,-73.32771
mp-850099-0-5,-22.112066,-23.710926
mp-765706-0-8,-101.7979,-104.04687
mvc-6939-1-0,-48.498455,-52.73278
mp-626701-1-0,-30.473274,-29.96946
mp-999543-0-3,-30.258299,-30.074135
mp-20552-0-3,-48.17551,-48.329655
mp-743867-1-8,-83.65579,-83.29744
mp-972937-0-0,-62.077938,-61.839252
mp-675651-1-0,-44.89186,-45.083866
mp-8262-1-0,-41.24568,-41.398266
mp-634381-0-38,-70.63835,-70.37331
mp-28879-0-5,-65.07217,-65.04752
mp-976809-0-2,-20.871933,-21.671125
mp-978281-1-1,-8.168695,-7.8257265
mp-18969-1-3,-72.05988,-72.25724
mp-7096-1-0,-42.978638,-43.30511
mp-684725-0-48,-91.80105,-95.96955
mvc-11131-1-5,-66.55436,-66.81181
mp-779216-1-4,-72.946205,-73.01701
mp-23966-1-15,-96.77749,-97.88829
mp-763849-1-0,-119.22295,-121.84609
mp-15686-0-3,-29.306063,-29.104645
mp-561934-1-0,-22.734844,-22.013178
mp-555123-1-0,-28.045292,-27.520864
mvc-11775-1-0,-29.820425,-26.446316
mp-765860-0-6,-88.19179,-89.8159
mp-27063-1-1,-97.378685,-97.45569
mp-696853-0-2,-122.81296,-123.13204
mp-605843-0-37,-45.3152,-45.72981
mp-615617-1-0,-76.73437,-75.91197
mp-762634-1-0,-104.5959,-107.38854
mp-31191-1-0,-106.17805,-106.21925
mvc-8350-0-20,-123.14424,-123.86762
mp-1432-1-1,-14.036051,-15.415306
mp-16263-0-1,-18.97189,-18.777784
mp-1007881-1-3,-31.750813,-31.147627
mp-570259-0-11,-10.860242,-10.831592
mp-780020-0-2,-101.54778,-101.03159
mp-780018-0-2,-109.233444,-109.257866
mvc-15525-1-13,-95.132126,-97.49501
mp-780830-1-2,-121.7731,-122.03435
mp-763176-0-2,-123.10874,-123.182144
mvc-3394-1-0,-67.46902,-67.088684
mp-853152-1-0,-44.01244,-47.04874
mp-30086-1-4,-66.33804,-67.009224
mp-784631-1-0,-21.249573,-20.756899
mvc-16746-1-0,-112.71219,-114.05291
mp-637918-1-0,-86.551094,-85.2409
mp-778574-0-2,-102.31741,-101.62015
mp-30242-1-1,-62.36287,-62.081203
mp-568503-1-0,-19.537577,-18.684996
mp-764717-1-2,-44.98177,-46.015312
mp-764247-0-6,-83.18027,-83.52306
mp-759877-0-3,-53.73998,-54.019012
mp-557873-1-0,-87.52257,-88.14913
mp-9208-1-3,-84.3877,-83.16822
mp-764786-1-2,-97.02953,-98.20782
mp-15681-1-0,-38.573013,-37.767086
mp-998917-0-6,-48.72975,-50.30368
mp-765987-0-2,-45.67902,-45.05413
mp-1023490-0-1,-32.49588,-32.065746
mp-570782-0-1,-20.997774,-21.12636
mp-1025224-1-0,-50.094307,-49.992085
mp-766116-0-2,-97.49663,-96.37234
mp-3833-1-5,-19.985611,-20.43472
mp-674984-0-2,-63.371464,-64.25385
mp-763704-1-0,-116.99919,-116.31443
mp-755570-0-3,-24.68807,-23.722446
mp-690760-1-0,-48.0404,-46.72267
mp-11270-1-7,-69.579254,-69.72656
mvc-13706-0-2,-71.93686,-75.26113
mp-850915-0-2,-91.51634,-91.144646
mp-690504-1-7,-105.71605,-106.22823
mp-626778-0-2,-54.351227,-54.39217
mvc-6910-0-2,-82.49119,-82.38981
mp-28405-1-6,-42.720715,-44.639744
mp-775022-1-4,-22.63717,-22.454144
mp-1639-1-0,-17.41605,-16.86639
mp-766924-0-2,-118.152435,-118.974815
mp-763930-1-4,-75.43999,-75.39643
mp-476-0-4,-93.48568,-94.21416
mp-24093-1-3,-14.447407,-15.10822
mp-1016928-1-0,-33.655476,-33.40781
mp-561367-1-0,-7.482786,-12.516827
mp-779961-1-4,-94.09357,-94.87801
mp-762411-1-1,-69.40922,-68.87643
mp-632442-0-14,-40.459396,-42.61977
mvc-11952-0-2,-141.88834,-141.6552
mp-603640-1-3,-7.6539497,-7.9511614
mp-29225-0-3,-84.012245,-85.56226
mp-775089-1-5,-96.7251,-98.22346
mvc-16785-1-7,-84.93742,-86.90775
mp-782706-1-0,-129.84923,-129.6348
mp-972916-1-0,-11.748788,-11.975711
mvc-16752-1-0,-105.94874,-108.2692
mp-20916-0-5,-123.566666,-125.05947
mp-3567-0-5,-20.81012,-21.075804
mp-763136-1-0,-35.50093,-34.80897
mp-765774-1-0,-76.533,-76.451035
mp-771114-1-1,-85.54487,-84.63895
mp-768011-1-0,-107.290665,-107.288765
mp-761711-1-0,-123.750374,-124.005745
mp-559094-0-70,-83.84555,-83.35434
mp-556233-0-5,-67.33206,-65.70472
mp-765495-1-0,-100.66998,-99.811874
mp-7572-0-2,-74.41598,-74.25139
mp-767111-1-0,-105.38489,-107.10508
mp-779978-0-2,-105.01465,-105.02753
mp-982637-1-0,-5.1959467,-4.61226
mp-759901-0-2,-88.61703,-89.18841
mvc-14056-1-0,652.1988,-47.577953
mp-782676-0-3,-81.56409,-82.032036
mp-763371-1-0,-134.31409,-135.2005
mp-8430-1-5,-21.639389,-21.242708
mp-768014-0-2,-78.050766,-77.85767
mp-778592-1-0,-121.859726,-121.951
mp-780883-1-0,-118.95252,-118.61521
mp-762413-1-0,-131.92072,-131.55174
mp-545481-1-0,-34.62301,-34.377586
mp-756510-1-0,-101.701416,-101.93595
mp-756830-1-2,-131.07663,-131.79173
mp-691107-1-4,-71.87219,-71.67879
mp-23225-1-0,-27.140862,-27.063593
mp-999540-1-0,-26.673103,-26.933867
mvc-4637-1-0,-100.85271,-103.0754
mp-764829-1-0,-71.127045,-69.93798
mp-1031428-1-0,-103.71925,-104.63233
mp-766454-1-0,-80.12778,-79.56433
mp-29174-1-3,-48.157528,-47.865833
mp-568258-1-2,-41.708355,-42.021152
mp-778638-1-3,-104.983574,-104.82933
mvc-8354-1-7,-126.29802,-129.95863
mp-29630-1-4,-50.902824,-50.568142
mp-780093-0-8,-107.2152,-109.10698
mvc-11818-1-0,-136.80338,-137.85545
mp-849668-1-0,-132.11337,-131.41856
mp-1023499-0-1,-24.840965,-24.507795
mp-79-1-3,-2.5453298,-3.2730799
mp-783906-1-0,-82.69428,-82.53719
mp-1021465-1-2,-31.097013,-30.840467
mp-1933-1-1,-19.490398,-19.312614
mp-764315-1-2,-107.57829,-109.23331
mvc-4881-0-2,-155.78264,-159.39214
mp-776999-1-1,-78.73989,-76.512024
mvc-3716-1-0,-69.27071,-69.430855
mp-763045-0-2,-67.73193,-67.41949
mp-779894-1-3,-108.39885,-108.34008
mp-37315-1-0,-33.35607,-34.434357
mp-850361-1-6,-104.830444,-105.08262
mp-572537-0-7,-91.389725,-92.09695
mvc-1823-1-1,-144.146,-145.47668
mp-9673-0-4,-38.817345,-37.65838
mp-777625-0-2,-134.69664,-135.08159
mp-608-1-0,-30.25914,-30.354338
mvc-11275-0-0,-80.14289,-82.12945
mp-781967-1-5,-93.80118,-93.83427
mp-1692-0-29,-20.478525,-19.29702
mvc-14629-1-7,-62.984722,-64.15977
mvc-8349-1-0,-118.93227,-120.337654
mp-557519-1-0,-44.576443,-44.816517
mp-4558-0-1,-99.954254,-99.75706
mp-1019800-1-0,-35.55985,-40.137554
mp-7645-0-15,-75.10232,-75.0674
mp-696379-1-0,-91.354546,-91.37291
mp-780550-0-6,-110.16485,-110.85228
mp-1933-1-0,-19.490341,-19.311586
mp-762221-1-0,-45.972664,-45.883747
mp-556870-0-2,-97.997925,-98.39892
mp-30241-1-0,-74.555885,-74.239845
mvc-11654-0-2,-88.82965,-88.774635
mvc-12425-1-7,-112.0627,-113.39996
mp-780041-0-2,-109.23191,-109.280464
mp-1025241-1-3,-32.600086,-32.518707
mp-643412-1-2,-104.263916,-105.104805
mp-6553-1-19,-156.1023,-156.69695
mp-765780-0-2,-111.37046,-110.96667
mp-773257-1-0,-89.285355,-89.1355
mp-621685-1-0,-116.99489,-117.14295
mp-570002-0-4,-67.703476,-63.32254
mp-715324-1-4,-27.423681,-27.657194
mp-764350-1-0,-95.83054,-95.24372
mp-754645-1-1,-61.176678,-65.65989
mp-866141-1-0,-32.9854,-32.00601
mp-774249-0-2,-81.47697,-80.477394
mvc-3279-1-0,-103.04489,-102.90904
mp-3143-1-13,-78.5023,-78.15484
mp-767769-1-0,-76.157585,-76.429825
mp-999052-0-1,-29.691837,-29.616625
mp-1015908-1-21,-73.97756,-71.43363
mp-765603-0-6,-90.161125,-91.328224
mvc-4838-1-0,-133.93823,-135.65671
mp-579-1-0,-18.478012,-18.332602
mp-1016108-1-0,-116.856575,-119.11096
mvc-11286-1-0,-34.325996,-31.751162
mp-868632-1-2,-40.376205,-39.795856
mp-600151-0-6,-56.72027,-58.17794
mp-999539-1-4,-31.174852,-30.94101
mp-556480-1-4,-143.90353,-143.7328
mp-22035-1-0,-67.86031,-67.67182
mvc-16782-1-1,-77.21112,-78.109314
mvc-15568-0-2,-70.9381,-71.55784
mvc-5157-1-4,-98.152695,-100.55066
mp-972935-1-2,-20.81452,-21.175535
mp-661-1-3,-29.77994,-28.89933
mp-778828-1-1,-125.224976,-125.24161
mvc-11818-0-2,-136.81319,-137.8658
mp-776189-1-0,-105.12306,-104.88064
mp-886-1-0,-60.20757,-59.821766
mp-19349-1-6,-146.0441,-146.27798
mp-862565-1-2,-27.85126,-27.965738
mp-568791-1-0,-20.521416,-22.082214
mp-766914-1-1,-116.99477,-116.39033
mp-27757-1-0,-43.414402,-44.51456
mp-6945-0-45,-94.94857,-94.96961
mvc-9990-0-2,-105.39911,-106.05982
mp-868581-0-4,-99.35058,-98.56511
mp-1018088-1-0,-31.67436,-35.50256
mp-867701-1-0,-43.506264,-43.710667
mp-558178-0-19,-104.1909,-107.09931
mp-626543-1-36,-100.780495,-99.970116
mp-588-1-0,-38.04625,-38.58237
mp-981366-1-0,-9.104475,-10.584393
mp-1024972-0-3,-38.095676,-38.258007
mp-773621-1-0,-76.88936,-76.27567
mp-1022051-1-6,-20.457167,-22.958319
mp-28792-1-1,-77.11028,-78.77153
mp-763740-0-2,-96.16828,-96.02004
mvc-8400-1-7,-111.014946,-110.12478
mp-8483-0-4,-63.17175,-62.612507
mp-765499-0-2,-53.030216,-52.897415
mp-28117-1-0,-38.862762,-37.714115
mvc-11307-0-4,-81.63733,-82.28632
mp-981215-0-2,-11.065415,-11.617416
mp-763992-0-7,-137.86143,-136.8008
mp-622553-1-3,-121.60115,-122.59404
mp-7187-0-6,-25.687021,-25.375448
mp-763319-0-2,-135.8659,-135.07915
mp-776814-1-1,-115.0312,-114.72411
mp-765803-1-0,-46.423077,-46.224464
mp-769795-1-0,-96.314445,-96.19033
mp-2741-1-1,-17.574856,-17.413145
mvc-11104-1-12,-82.94252,-83.469124
mp-1031453-1-5,-75.260925,-77.52842
mp-779960-1-0,-106.76517,-107.90482
mp-765712-0-20,-82.773445,-82.83068
mp-690124-0-6,-89.70439,-89.49482
mp-546551-1-0,-43.746372,-44.565723
mp-643270-0-2,-47.0752,-47.087833
mp-983230-0-2,-12.801628,-15.031245
mvc-16037-1-4,-85.821724,-85.84682
mp-27226-1-0,-64.05867,-63.01668
mp-1020703-1-0,-24.273878,-26.105474
mp-38856-1-0,-100.2416,-99.90204
mp-570572-0-7,-58.514782,-56.952824
mp-772730-0-2,-97.69219,-97.83694
mp-764018-0-2,-94.52988,-94.903854
mp-769689-1-2,-68.147804,-67.193535
mp-777080-1-0,-116.916985,-119.37007
mp-1933-0-3,-19.49102,-19.312256
mvc-3247-1-0,-104.15383,-104.62226
mp-8355-0-1,-99.26051,-99.404015
mp-764698-1-0,-57.653236,-58.15331
mp-504746-0-50,-58.92956,-58.892925
mvc-14161-1-2,-72.438736,-72.86376
mp-753315-1-0,-44.73601,-44.24926
mp-776322-1-16,-142.65149,-143.37277
mp-762810-1-2,-88.99683,-89.01631
mp-5075-1-5,-66.59066,-65.97698
mp-755054-1-1,-147.58438,-147.42146
mp-11875-1-11,-59.15604,-57.341408
mp-777681-0-2,-107.07924,-106.35729
mp-554340-0-18,-37.943672,-37.13218
mp-867304-0-2,-30.671183,-30.91837
mp-767178-1-5,-104.34729,-105.05427
mvc-3578-0-2,-93.624985,-93.54773
mvc-13408-1-13,-37.035206,-40.34104
mp-7298-1-3,-22.529732,-22.254215
mp-690525-0-2,-78.302345,-76.78627
mp-1002569-1-0,-54.02723,-54.07925
mp-1007923-1-1,-27.028536,-26.691843
mp-1013642-1-0,-20.373137,-20.530375
mp-766111-0-2,-119.85428,-119.75135
mp-626365-0-2,-95.74851,-95.06425
mp-868191-0-2,-95.67446,-95.837166
mp-777530-1-0,-129.86066,-130.08784
mvc-16735-1-1,-86.19399,-87.38311
mp-764207-1-0,-95.76682,-94.93349
mvc-4450-1-0,-76.6268,-76.53674
mp-1111-1-0,-129.59306,-131.05772
mp-1025047-0-2,-41.07324,-40.691814
mp-626085-1-25,-121.861145,-122.78059
mp-752881-0-2,-20.158028,-20.013178
mp-780806-0-2,-107.92516,-107.63323
mp-714960-1-0,-90.86395,-91.29621
mp-3677-0-1,-113.57552,-113.996925
mp-27257-1-0,-46.78279,-48.192383
mp-16363-0-2,-68.82543,-66.61976
mp-765182-0-4,-57.32777,-57.41828
mp-625316-0-6,-81.6967,-81.727455
mp-3795-1-0,-82.82409,-82.871025
mp-850468-1-0,-76.70794,-77.12202
mp-7595-1-37,-58.71782,-58.254795
mvc-9599-1-4,-74.98874,-75.35616
mp-764325-1-0,-74.01309,-74.21728
mp-763909-0-2,-137.57214,-136.7648
mp-780753-0-2,-72.14872,-71.712555
mp-3382-0-13,-72.45945,-72.61091
mvc-8331-1-5,-130.77003,-131.39781
mp-568700-1-0,-21.759115,-23.305445
mp-755040-0-2,-99.49188,-99.132095
mp-550433-1-5,-46.205055,-45.350582
mp-10182-1-1,-10.240035,-10.244665
mp-1136-0-2,-20.56261,-19.778574
mp-780205-1-4,-110.51923,-111.25437
mp-2639-0-2,-11.352745,-11.534512
mp-781693-1-1,-126.2608,-126.27208
mvc-14150-1-6,-81.232025,-81.20437
mp-1026540-0-44,-32.2941,-34.244724
mp-553942-0-16,-24.091072,-24.778645
mp-999495-0-4,-10.406977,-10.817758
mp-35267-1-2,-69.77888,-69.01175
mp-773030-1-1,-151.44142,-153.60472
mp-763540-1-1,-131.5855,-132.11656
mp-35482-1-0,-91.319374,-91.08686
mvc-11744-1-9,-85.34458,-85.52732
mp-676512-1-3,-50.21776,-49.98225
mp-558096-1-2,-82.15955,-82.37673
mp-850739-1-4,-102.44221,-102.241486
mp-773235-0-3,-87.20511,-87.15669
mp-28166-1-0,-16.564331,-16.443254
mp-607358-1-0,-42.106213,-41.493587
mp-767317-1-0,-96.906075,-98.0572
mp-998864-1-10,-1.4535931,-3.0738041
mp-1014297-1-25,-115.96663,-123.517006
mvc-11581-0-2,-87.06468,-87.20411
mp-20373-1-0,-114.376045,-114.43278
mvc-6579-1-3,-73.73794,-75.10322
mp-20499-1-3,-94.87144,-94.845406
mp-766798-0-2,-118.526855,-119.26752
mvc-12347-0-2,-80.165054,-80.72762
mp-764160-1-3,-111.6397,-112.60995
mvc-8670-1-7,-119.43376,-123.71405
mp-1029288-1-3,-81.25805,-80.35351
mp-1016197-0-2,-35.165787,-35.3239
mp-567933-1-0,-66.63586,-63.433006
mp-690539-1-2,-39.502506,-39.464397
mp-9918-1-22,-56.76078,-56.35481
mp-850932-1-2,-118.81238,-118.59464
mvc-13533-1-0,-67.92466,-67.957405
mp-761828-1-0,-92.06116,-91.87013
mp-782719-1-0,-67.97364,-67.82935
mp-765750-1-5,-127.67732,-127.17657
mp-676703-1-7,-52.293327,-53.26444
mp-568172-0-0,-79.17872,-78.93452
mp-128-0-23,-35.801826,-36.07697
mp-865-1-0,-44.844036,-44.894222
mp-675539-1-0,-35.466236,-32.754227
mp-971720-1-0,-10.035579,-10.133347
mp-5486-0-3,-23.064524,-22.969992
mp-568306-0-7,-40.144993,-41.93056
mp-28657-0-21,-48.724457,-49.00451
mp-5436-1-0,-29.503098,-28.502752
mp-37458-0-5,-27.8474,-28.253935
mp-999496-0-0,-11.207635,-11.519231
mp-625509-0-9,-20.686132,-20.871756
mp-865604-1-0,-11.221568,-12.094081
mvc-6059-1-0,-67.066376,-66.921135
mp-9665-1-20,-42.75983,-44.74667
mp-781664-0-8,-102.93027,-103.24203
mvc-10006-1-0,-68.00877,-68.253365
mp-868354-0-2,-104.66926,-105.13015
mp-380-1-2,-12.350821,-12.252035
mp-578615-0-2,-25.057455,-24.68693
mp-753818-0-2,-91.90446,-91.30268
mp-771931-1-3,-131.45547,-130.8875
mp-21048-0-4,-64.56562,-64.45936
mp-676241-1-49,-27.71802,-28.510996
mp-779941-0-2,-105.39599,-108.722435
mp-644271-0-3,-23.47357,-23.591496
mp-763009-0-2,-108.40472,-107.76
mp-757119-1-0,-67.53391,-67.88438
mp-7149-0-3,-12.642487,-12.981345
mp-770321-1-4,-97.648056,-96.80241
mvc-15155-0-2,-98.20233,-100.529366
mp-8016-0-4,-34.671005,-34.397747
mp-632291-0-2,-6.781381,-6.1859236
mp-977122-1-1,-11.209942,-12.147964
mvc-846-1-2,-155.9449,-157.76608
mp-8263-1-0,-77.99172,-78.56324
mp-770956-0-2,-146.50299,-146.84625
mp-766802-1-0,-70.93691,-70.76827
mp-978279-1-1,-8.938385,-8.934574
mp-770090-0-5,-76.56824,-76.55184
mp-556012-1-0,-96.28788,-98.09605
mp-773925-1-4,-103.693275,-103.848976
mp-776708-1-0,-109.93418,-110.04783
mp-1025425-1-0,-49.383083,-47.803448
mvc-6900-1-0,-103.4068,-103.16426
mp-24034-0-1,-58.910633,-59.159153
mp-971768-1-0,-48.229614,-54.477024
mp-778584-1-0,-82.30834,-82.22359
mp-640189-1-0,-83.358154,-85.97355
mp-16726-0-1,-35.0864,-38.38336
mp-2132-1-1,-18.644053,-17.788984
mp-2323-1-0,-8.024646,-8.476954
mp-16349-1-0,-19.534777,-18.961027
mp-781777-1-0,-50.27792,-52.11198
mp-974355-0-3,-66.74824,-67.20042
mp-15147-0-1,-80.17542,-79.132065
mp-763095-1-0,-72.26749,-71.67399
mp-763290-1-5,-132.66162,-131.83565
mp-2961-1-0,-36.124252,-36.301807
mp-777145-1-4,-117.052605,-117.38529
mp-32959-1-0,-29.267624,-28.986944
mvc-3264-0-2,-113.427414,-114.09086
mp-550593-1-0,-49.13769,-49.91007
mp-570001-1-4,-64.61239,-64.57961
mvc-15827-1-0,-82.88555,-83.10272
mp-850739-1-0,-101.77865,-101.91003
mp-779978-1-0,-104.65694,-104.71196
mp-2789-0-52,-113.356995,-113.9712
mp-764721-1-4,-71.2322,-71.20486
mp-1025425-0-1,-49.403732,-47.850567
mp-1823-1-3,-57.087585,-57.798363
mp-765910-1-0,-94.26162,-94.54482
mvc-7056-1-0,-26.197243,-26.749645
mp-777130-1-0,-35.537903,-35.20188
mp-763687-0-4,-69.0372,-70.93706
mp-606382-1-0,-112.99609,-118.96745
mp-774135-1-0,-75.63091,-76.72971
mp-768030-1-0,-71.98729,-71.56049
mp-775831-0-0,-68.911674,-68.274055
mp-762910-1-3,-91.97065,-90.87023
mp-773299-0-2,-92.16167,-91.33521
mp-849388-0-2,-88.80873,-88.69591
mp-758070-1-1,-47.212215,-47.07387
mp-28741-1-3,-67.09242,-66.98675
mp-769733-0-2,-144.12563,-143.3419
mp-782638-1-0,-108.474304,-108.592896
mp-763579-0-2,-132.24,-131.0625
mp-555901-1-0,-83.674,-82.8123
mp-1029446-1-0,-49.97551,-51.282967
mp-861850-1-0,-72.365005,-73.081
mp-27774-1-5,-78.27438,-87.28706
mp-19446-1-0,-153.76955,-153.779
mp-2657-0-1,-53.619793,-53.083797
mp-767174-1-0,-48.707134,-48.54568
mp-754988-1-0,-25.600954,-25.928085
mp-779962-0-2,-130.66069,-129.92212
mp-7139-0-16,-67.78751,-72.064766
mp-782701-1-0,-96.5355,-98.10274
mp-625072-0-6,-23.360622,-23.066952
mp-775096-0-2,-108.15223,-109.032295
mp-763090-0-2,-98.16159,-99.24346
mvc-15519-0-40,-82.321754,-82.53926
mp-610-1-2,-28.580292,-27.954355
mp-849352-1-4,-92.282906,-91.40653
mp-760679-1-0,-75.70533,-76.168144
mp-9305-1-13,-103.6817,-103.59687
mp-27277-0-126,-85.09435,-86.33166
mvc-13134-0-2,-103.41993,-108.03072
mp-772304-1-0,-126.5901,-127.30532
mp-2653-0-1,-34.776253,-33.050045
mp-771785-1-2,-81.04198,-80.253235
mp-1019561-0-15,-90.56636,-90.86294
mp-8613-1-15,-57.799927,-57.156002
mp-765924-1-0,-83.31957,-83.44439
mp-779545-0-2,-48.99241,-48.30041
mvc-8417-0-17,-81.7889,-83.14982
mp-776189-0-2,-105.146385,-104.88696
mp-9480-1-0,-99.022316,-99.16002
mp-743867-1-0,-77.01832,-79.126915
mp-20-1-11,-14.460007,-15.926995
mp-11653-1-14,-136.40591,-136.32423
mp-983357-1-6,-39.58943,-40.111855
mp-545630-0-6,-44.579735,-45.303394
mp-763921-1-6,-96.080154,-97.05651
mp-780856-0-2,-96.22142,-97.17199
mp-28595-0-9,-36.87539,-36.3959
mp-626155-0-17,-92.47576,-94.48911
mp-771451-1-0,-113.98482,-113.79652
mp-626701-1-5,-30.489218,-29.985277
mvc-11547-1-2,-13.729963,-14.190566
mp-773313-1-6,-88.1109,-88.253395
mp-780032-1-0,-100.59844,-101.00274
mp-761716-1-3,-84.326126,-84.70411
mp-1016884-1-0,-32.30235,-32.18353
mp-775115-0-2,-115.0502,-115.21148
mp-690555-1-0,-61.187687,-66.459816
mp-1378-0-3,-22.208395,-23.211382
mvc-15888-1-4,-140.59036,-140.37102
mp-29033-1-5,-53.706017,-58.005352
mvc-6916-1-1,-99.214165,-98.45171
mp-35482-0-2,-92.24761,-91.83814
mp-23856-1-4,-29.77256,-29.592321
mp-770038-1-0,-109.940544,-110.60954
mp-764344-1-0,-105.2852,-105.36295
mp-769937-1-3,-86.735435,-86.45435
mp-625996-0-2,-26.82669,-26.717981
mp-1367-1-0,-9.091968,-8.934408
mvc-11566-0-2,-84.34351,-84.761536
mvc-14225-1-0,-84.48929,-83.92095
mp-850231-1-3,-94.373184,-94.30445
mp-976010-1-4,-13.81576,-14.727925
mp-769992-1-3,-103.975266,-103.04868
mp-554874-0-10,-116.415764,-116.82061
mp-777698-1-0,-118.627846,-118.359955
mp-569270-1-3,-59.676064,-58.80201
mp-764467-1-3,-62.86477,-62.997944
mp-862691-1-1,-24.934328,-24.727036
mp-998599-1-0,-35.586376,-35.184254
mp-28628-0-5,-66.42256,-64.86778
mp-18900-0-0,-103.47582,-103.78805
mp-3589-0-1,-45.712124,-45.18899
mp-616407-1-0,-126.12385,-125.9867
mp-629181-1-0,-93.51438,-93.03491
mp-4950-1-0,-25.96356,-25.343248
mp-1307-1-0,-11.156901,-10.690988
mp-773247-0-6,-116.95399,-119.47791
mp-1007821-1-1,-23.437174,-23.716314
mp-763330-0-2,-72.128105,-71.55564
mp-604915-1-0,-27.243753,-26.745235
mp-779942-0-2,-96.474236,-94.53602
mp-614565-1-1,-13.689822,-13.953327
mp-2567-1-1,-69.02204,-68.3971
mvc-11162-1-0,-22.417141,-19.215372
mp-850106-0-2,-72.48371,-72.70358
mp-1025242-1-0,-31.731457,-31.526852
mp-758997-1-1,-113.44186,-112.661514
mp-769771-1-1,-95.01369,-94.73397
mp-2056-0-3,-25.646399,-25.598625
mp-770020-1-0,-103.600075,-102.60493
mp-766851-1-2,-99.61421,-100.43926
mp-1031421-1-0,-71.35056,-73.92753
mvc-10927-1-0,-106.661446,-107.51235
mp-8613-0-82,-57.815346,-57.166336
mp-775196-1-0,-98.019264,-97.78365
mp-1214-1-4,-28.621801,-29.629152
mp-767348-1-0,-131.45888,-131.84831
mp-849404-0-2,-78.69249,-80.21592
mvc-10873-1-4,-86.68377,-87.651375
mp-19814-1-0,-31.667633,-31.307262
mp-10711-1-4,-64.15935,-63.585888
mp-1016932-0-0,-27.75133,-28.2073
mp-778928-0-2,-108.265045,-108.30772
mp-981935-1-0,-11.222328,-12.096967
mp-568263-1-4,-61.48704,-60.76276
mp-27689-1-0,-43.130016,-41.316242
mp-771614-0-2,-109.69624,-110.28881
mp-699296-0-2,-89.590515,-90.129524
mp-567703-0-2,-39.768658,-38.754444
mp-7466-1-0,-66.30673,-65.312294
mp-774736-1-4,-49.407288,-48.86301
mp-764322-0-2,-85.47293,-85.210014
mp-779244-1-0,-116.18349,-115.12386
mp-22701-0-5,-89.07847,-89.27866
mp-634326-0-2,-90.14184,-89.68721
mvc-11544-0-3,-21.580173,-21.77845
mp-18788-0-2,-78.827446,-78.74305
mp-632491-1-0,-66.92461,-67.41665
mp-764742-1-7,-70.39108,-72.92419
mp-22746-1-0,-13.330702,-13.245863
mp-774-0-1,-31.552046,-31.493017
mp-629789-1-5,-120.527176,-121.01131
mp-634657-0-2,-21.748936,-21.937399
mp-775808-0-2,-70.77773,-69.741356
mp-8818-1-3,-25.458286,-25.04527
mp-998397-0-0,-46.24185,-44.23746
mp-11567-0-8,-23.206701,-23.990244
mp-764983-0-2,-105.31151,-104.73331
mp-770412-0-2,-125.408615,-124.42374
mp-764579-1-4,-111.67071,-112.3173
mp-1014281-0-10,-27.543814,-31.397818
mp-632329-1-10,-15.744636,-17.095558
mp-8490-0-1,-42.51475,-42.179173
mvc-13664-1-0,-51.668015,-53.731293
mp-755144-1-1,-25.055595,-24.774973
mp-765835-1-3,-105.059265,-105.38151
mp-13590-1-10,-78.9552,-77.30476
mp-780829-1-0,-116.91833,-116.22951
mp-569051-1-0,-34.411236,-36.073605
mp-28405-0-14,-42.80713,-44.72603
mp-12648-0-1,-83.187096,-83.005104
mp-868647-1-8,-51.01374,-51.791946
mp-764718-0-2,-90.60734,-91.00726
mp-974058-1-1,-14.230179,-14.557521
mp-556468-1-0,-55.916706,-56.025852
mp-764640-0-4,-55.5291,-55.236355
mp-763330-1-0,-71.7193,-71.21501
mp-644486-0-2,-39.12911,-38.596287
mvc-8631-1-0,-122.86277,-123.3492
mvc-13996-1-0,-73.3721,-73.80285
mp-22488-1-0,-46.120293,-45.478146
mp-23933-1-0,-27.824448,-27.979776
mp-762883-0-2,-91.084175,-92.00674
mp-766912-0-2,-83.42812,-84.77216
mp-762255-0-3,-66.77116,-67.37147
mp-765201-1-0,-58.278263,-58.07724
mp-754333-1-1,-35.407913,-35.452
mp-775536-0-2,-123.36105,-125.09448
mp-777493-1-0,-103.86019,-103.829124
mp-971863-1-0,-12.847338,-13.84854
mp-755457-1-0,-75.01847,-74.777534
mp-21312-1-0,-118.03131,-118.0888
mp-849335-0-2,-147.23874,-147.47935
mp-866152-1-0,-27.556145,-27.774805
mp-690091-0-3,-89.648705,-89.040855
mp-690760-0-2,-48.05042,-46.724834
mp-557257-0-1,-28.031908,-28.105125
mp-862565-1-0,-27.822691,-27.884573
mvc-11662-1-0,-79.130394,-82.86826
mp-8648-1-9,-143.927,-144.14685
mp-999469-1-0,-7.1959505,-7.902072
mvc-12905-1-8,-73.533516,-74.33047
mp-774113-0-2,-115.032814,-114.93316
mp-865652-0-2,-33.716328,-33.51919
mp-624689-0-2,-102.30684,-103.3366
mp-676210-0-2,-91.408134,-95.11999
mp-630511-1-0,-84.96312,-85.20559
mvc-9574-0-2,-107.50612,-108.72651
mp-8648-1-0,-143.83162,-144.09444
mp-764059-1-0,-73.28312,-73.660255
mp-316-1-0,-18.793388,-18.23765
mp-767329-0-2,-109.13064,-108.03788
mp-868654-0-2,-139.92567,-139.92
mp-1794-1-2,-13.179703,-13.017117
mp-4798-1-0,-95.35297,-95.752266
mp-1014281-1-20,-24.805328,-28.997408
mp-610917-1-0,-9.433436,-10.005034
mp-776204-0-2,-59.224834,-59.96446
mp-10797-1-0,-42.328964,-42.179443
mp-36988-1-0,-9.453241,-14.139508
mp-19220-0-4,-141.82115,-141.69438
mp-849964-0-2,-101.38574,-101.05046
mp-632686-1-0,-74.85869,-81.910065
mp-556372-1-4,-117.4243,-117.21034
mp-770084-0-2,-90.66574,-91.739494
mp-973147-1-1,-14.284105,-14.476207
mp-1003317-1-0,-68.82389,-67.88672
mp-867878-0-3,-27.931566,-27.518763
mp-634706-1-16,-11.818556,-13.844047
mp-555513-1-3,-86.09684,-88.90524
mp-769759-0-2,-105.48816,-104.55703
mp-765792-0-2,-64.0367,-63.26141
mp-769648-1-0,-131.55966,-131.77579
mp-22029-1-0,-26.143793,-26.003798
mp-571306-1-0,-65.95885,-65.54615
mp-505622-1-0,-45.133663,-44.353523
mp-7080-0-2,-55.95643,-50.453312
mp-684668-1-0,-40.064213,-41.80239
mp-773543-1-0,-41.356865,-40.78059
mp-17193-1-20,-93.70164,-91.07548
mvc-5117-1-3,-153.30124,-153.69057
mp-764355-0-2,-95.91891,-95.82735
mp-27207-1-1,-24.592634,-24.41834
mvc-13092-1-0,-110.276245,-112.25405
mvc-6396-1-0,-61.948917,-65.45959
mp-696590-1-0,-63.407455,-62.5892
mp-27926-1-4,-73.03508,-81.36762
mvc-15992-1-2,-72.46522,-72.83404
mvc-12609-1-3,-58.737473,-59.76462
mp-704775-0-3,-132.30911,-130.82645
mp-1003322-1-0,-56.95912,-56.725655
mvc-5883-0-2,-76.916046,-76.41082
mp-8282-1-3,-56.163094,-56.130478
mp-1018028-1-1,-14.965109,-14.957462
mp-27404-1-8,-99.48943,-100.17272
mp-571566-0-16,-46.54313,-46.575687
mp-765233-1-0,-55.896664,-55.971203
mp-773465-1-0,-127.43047,-127.44624
mp-22967-1-6,-26.191353,-25.411161
mp-18860-1-0,-125.30423,-124.64103
mp-779314-0-2,-129.5463,-130.2914
mp-868138-0-2,-87.68086,-86.82466
mp-676278-0-34,-99.14859,-99.773964
mvc-8377-0-2,-79.61683,-80.15115
mp-638955-0-1,-55.451374,-55.314495
mp-975857-1-2,-8.654273,-10.262365
mp-20211-1-1,-34.146244,-33.598175
mp-31649-1-1,-79.23264,-78.53125
mp-753257-1-0,-50.01798,-51.260303
mp-607976-1-31,-133.29483,-132.93828
mp-764203-0-2,-71.14733,-70.606346
mp-9069-1-10,-40.03454,-40.05293
mp-8484-1-3,-53.491917,-54.55518
mp-760490-1-0,-103.0698,-102.393456
mp-10683-1-3,-1.5759618,-2.261883
mvc-12553-1-10,-104.81382,-105.734314
mvc-4135-1-0,-81.08751,-80.355934
mp-1008920-1-0,-22.487404,-22.287855
mp-2133-0-2,-18.201206,-17.582788
mp-984711-1-2,-31.839247,-31.726244
mvc-14334-1-0,-80.61503,-79.71134
mp-765229-1-2,-105.434616,-104.63821
mp-780905-0-6,-78.4359,-78.38813
mp-643263-1-0,-91.19839,-91.16603
mp-762634-0-2,-104.705,-107.51644
mp-774098-1-0,-101.82624,-100.95126
mp-868611-1-2,-88.0413,-88.008644
mp-555345-0-1,-23.332428,-23.731833
mp-779942-1-1,-96.411674,-94.48966
mp-776487-1-0,-140.48546,-141.05244
mp-771720-0-3,-72.82783,-72.327354
mp-28716-0-15,-59.24036,-57.716125
mp-28657-1-2,-48.705723,-48.984886
mp-25475-1-8,-39.709473,-39.837154
mvc-16625-1-1,-84.942696,-86.33838
mp-30999-1-0,-9.13159,-9.048972
mp-762018-1-1,-46.429432,-45.837296
mp-6632-1-0,-130.5477,-131.10582
mp-780882-1-1,-128.37914,-128.45372
mp-645086-0-6,-126.74775,-126.695786
mp-6685-0-2,-92.44408,-92.73023
mp-864953-1-0,-37.705643,-37.145004
mp-777303-1-0,-47.121212,-47.38416
mp-752615-1-2,-65.18389,-64.615456
mp-632686-1-13,-108.56607,-110.80644
mvc-66-0-2,-73.71817,-74.4961
mp-29463-1-0,-66.41784,-67.64886
mp-16180-1-0,-90.04423,-90.14095
mp-24842-1-4,-41.94933,-41.47411
mp-714929-1-0,-43.10891,-43.016476
mp-24522-0-23,-98.587234,-98.32765
mp-765531-1-0,-67.358864,-66.390816
mp-626716-1-1,-26.468842,-26.205091
mp-6494-1-15,-74.54427,-74.22018
mp-22631-0-4,-44.68034,-42.697838
mp-5122-1-12,-43.21032,-42.53371
mp-777801-0-2,-61.12904,-61.110703
mp-1014444-1-0,-160.71149,-158.67287
mp-982048-1-1,-29.436787,-29.412159
mp-6873-1-0,-115.77944,-116.30532
mvc-15272-1-2,-61.948368,-60.33184
mp-557375-1-6,-114.57324,-114.42741
mp-13082-1-2,-32.287556,-31.898233
mp-1725-1-0,-10.882766,-11.21374
mp-697111-1-4,-59.512283,-59.192917
mp-4259-0-7,-27.825245,-27.588749
mp-1016886-1-1,-32.88462,-33.655582
mp-777556-0-2,-67.8432,-67.82702
mp-632595-0-2,-127.919975,-127.633896
mvc-4584-1-0,-112.01696,-116.780914
mp-644223-0-6,-47.727016,-47.362385
mp-989178-1-0,-47.182045,-47.04511
mp-1025242-1-2,-31.753685,-31.542858
mp-762800-1-0,-62.622337,-62.813927
mp-674355-1-3,-76.25928,-74.8358
mvc-8350-1-4,-123.16878,-123.81841
mp-767229-1-0,-108.64862,-110.849045
mp-570641-1-1,-119.909836,-120.28567
mp-770620-1-0,-87.69175,-87.71144
mp-24084-1-0,-4.8799944,-4.66708
mp-770062-1-0,-100.4965,-100.56237
mp-1008285-1-1,-36.346596,-36.297794
mp-978268-1-0,-6.058631,-6.1556053
mp-1022724-1-5,-37.219933,-38.360386
mp-765183-0-2,-36.143116,-35.535572
mp-1001571-0-0,-31.869217,-31.695581
mp-980941-1-1,-30.572958,-32.675503
mp-762820-1-6,-97.78545,-97.45821
mp-780817-1-0,-107.669014,-107.39475
mp-7074-1-33,-154.50662,-155.14687
mp-11277-0-0,-26.218988,-26.90016
mvc-15320-1-7,-68.42686,-68.22947
mp-555901-1-2,-83.71818,-82.8717
mp-772253-1-4,-86.079865,-85.452934
mp-764029-1-6,-94.02859,-94.88271
mp-7500-0-5,-98.53445,-98.20569
mp-1014287-0-8,-48.75464,-55.791634
mvc-11947-0-4,-130.8873,-131.69261
mp-779089-1-3,-95.06013,-95.83294
mp-776344-1-0,-103.9669,-103.91134
mp-567626-1-7,-8.182466,-8.674904
mp-601273-0-8,-37.22687,-38.263042
mp-510055-1-0,-129.35423,-127.5226
mp-8688-0-2,-84.87021,-85.25207
mp-765532-1-0,-72.224976,-72.14747
mp-976025-1-3,-9.552813,-9.658924
mp-9208-1-0,-84.38112,-83.16775
mp-976446-1-1,-31.207964,-31.468039
mp-766797-1-5,-92.641014,-92.29757
mp-30562-0-49,-41.1007,-41.53654
mp-12558-1-2,-10.403038,-10.287685
mvc-11544-1-3,-21.574858,-21.77653
mvc-5127-1-0,-144.54869,-145.46515
mp-999257-1-0,-28.917818,-30.89423
mp-7667-1-22,-37.115997,-38.262043
mp-1025044-1-2,-33.560528,-34.045845
mp-778410-1-0,-73.48073,-75.172676
mp-1023508-1-0,-25.63452,-25.654274
mvc-11332-0-2,-89.12436,-90.036125
mp-568789-1-0,-26.907404,-26.943913
mp-16514-1-11,-44.635323,-45.493748
mp-755570-1-3,-24.686148,-23.721148
mp-767302-0-4,-97.4995,-97.46412
mvc-6911-1-0,-92.66522,-92.542244
mvc-16816-0-2,-98.881325,-98.653404
mp-13503-1-6,-39.586464,-39.80662
mp-15220-0-3,-73.12153,-72.04109
mp-690128-1-0,-95.01162,-94.752205
mp-976944-1-1,-11.198988,-12.117347
mp-10157-1-0,-0.32250834,-1.2795405
mp-3762-1-3,-42.748814,-42.435856
mp-971804-1-0,-18.973179,-19.118052
mp-778646-1-0,-108.137825,-108.14201
mp-2930-0-4,-38.1224,-37.985916
mp-771842-0-5,-74.75124,-74.1773
mp-754377-1-1,-100.210266,-101.046364
mvc-15903-0-2,-152.09508,-152.2566
mp-534-1-7,-106.539,-106.20744
mp-776136-1-0,-55.24384,-54.622547
mp-1002165-1-1,-11.293838,-12.948248
mp-558383-0-3,-72.82562,-72.95995
mp-1029610-1-0,-85.33456,-84.22821
mvc-1260-1-0,-103.512726,-103.78991
mvc-13983-1-0,-42.644943,-42.365658
mp-778695-0-6,-81.47644,-81.70983
mp-769923-1-4,-168.57433,-168.63033
mp-20344-1-0,-30.277779,-29.430517
mvc-12966-0-6,-83.33945,-83.37858
mp-763682-1-6,-60.132507,-61.404705
mp-608614-1-3,-92.096245,-91.55625
mp-764755-1-7,-108.233376,-108.17392
mvc-5157-1-0,-97.88712,-100.27288
mp-978497-1-1,-17.19618,-19.005426
mp-642810-0-6,-45.47605,-51.31976
mp-767044-1-1,-71.33502,-71.42167
mp-547029-0-8,-44.976852,-45.169743
mvc-12231-1-8,-97.93907,-97.77517
mp-761572-1-0,-54.019787,-53.65324
mp-17193-0-1,-93.70625,-91.07461
mvc-16821-1-4,-104.676605,-103.573326
mvc-7057-1-2,-30.963552,-31.605856
mp-1003856-1-0,-110.31877,-109.85348
mp-8484-0-2,-53.505203,-54.556667
mp-1015811-0-12,-21.45797,-22.407145
mp-568145-1-0,-0.10692869,-2.1943297
mp-642696-0-2,-110.58308,-110.29798
mp-765883-1-2,-122.987175,-121.53604
mp-604312-0-2,-134.95107,-134.67685
mp-764431-0-2,-95.775154,-95.35791
mp-771287-1-0,-84.43693,-85.2718
mp-849686-1-0,-131.901,-131.35065
mvc-11271-1-0,-82.14602,-84.10348
mp-569655-1-0,-67.21237,-65.7112
mp-22701-1-11,-88.99413,-89.22869
mp-1025510-1-4,-37.99449,-37.714153
mp-33024-1-0,-40.42391,-40.58175
mp-9172-0-1,-113.873405,-113.50569
mp-780798-0-2,-91.88421,-91.79977
mp-851032-1-3,-128.8451,-128.20732
mvc-6915-1-1,-97.10249,-97.46812
mp-568264-1-5,-27.490608,-27.173449
mp-774102-1-0,-76.89815,-77.73028
mvc-12595-0-2,-91.332466,-91.92333
mp-779840-0-2,-20.817038,-20.812462
mp-566131-0-2,-27.591665,-27.349606
mp-19026-0-2,-73.0511,-74.113945
mp-34467-1-0,-25.388914,-26.241804
mp-765007-0-4,-98.1138,-96.42416
mp-555484-0-18,-93.53791,-91.35412
mp-18905-1-0,-12.468532,-13.463485
mp-973396-1-1,-23.594254,-24.662884
mp-8230-0-5,-119.82219,-120.19166
mp-34038-1-0,-35.45353,-37.056652
mp-752918-1-0,-162.71541,-163.05333
mp-1014303-1-0,-46.064568,-44.414494
mp-1009753-1-0,-10.449487,-11.757816
mp-779991-0-2,-95.74191,-95.8492
mp-765786-0-2,-84.4361,-83.921875
mp-21515-1-0,-86.64444,-87.44721
mp-769801-1-0,-97.55061,-97.68351
mp-624081-0-105,-78.98319,-78.36678
mp-27989-1-0,-35.34669,-36.497677
mvc-9993-1-0,-100.07069,-98.551056
mp-714874-1-0,-42.343258,-41.66477
mp-764322-1-2,-85.43365,-85.21171
mp-1017629-1-0,-18.31832,-18.890123
mp-766805-1-1,-78.95146,-78.79032
mp-22700-1-0,-46.211155,-46.35561
mp-541155-0-41,-113.392166,-112.54016
mp-110-1-0,-0.33088315,-0.6266452
mp-771932-0-2,-110.78878,-111.07521
mp-770020-0-2,-103.98126,-102.91459
mp-770260-1-0,-79.439255,-80.044685
mvc-11283-1-0,-26.966105,-27.863491
mp-769769-0-2,-97.47016,-97.63506
mp-773282-0-2,-96.68403,-96.538475
mp-758498-1-3,-97.90859,-97.976036
mp-776939-1-2,-68.538,-68.099594
mp-781761-1-2,-71.44744,-71.5666
mvc-11351-1-0,-74.88926,-76.69257
mp-10474-1-0,-38.735416,-39.20499
mp-761517-1-2,-94.2733,-94.24119
mp-780906-1-5,-97.252045,-98.248055
mp-778024-0-4,-110.659355,-111.3319
mvc-3525-1-4,-61.529606,-62.44204
mp-865026-0-2,-34.862396,-34.10558
mp-851032-0-2,-128.87004,-128.21326
mp-766724-0-2,-89.111694,-88.35199
mp-763051-0-0,-37.38209,-36.916737
mp-1008733-1-0,-8.561191,-8.953555
mp-46-0-0,-15.779635,-16.713078
mp-32566-1-10,-94.44463,-94.09428
mp-558016-0-7,-99.727295,-99.23529
mp-643954-1-0,-120.0699,-119.662445
mp-612342-1-0,-68.56829,-69.373795
mp-777239-1-0,-123.109055,-123.156944
mp-770855-1-0,-159.15353,-156.50934
mp-23956-1-0,-19.103104,-18.972002
mp-766115-0-2,-54.90404,-53.796513
mp-754084-0-2,-44.946827,-43.906887
mvc-13536-0-2,-49.319576,-52.717304
mp-1009087-1-0,-35.65407,-37.432568
mp-33314-1-9,-106.5097,-111.64852
mp-672285-1-2,-50.09727,-49.88839
mp-778591-1-1,-57.728,-57.286545
mp-850084-0-2,-92.61614,-91.868095
mp-763427-1-0,-106.74538,-107.86088
mvc-3281-1-0,-110.69703,-110.83397
mp-849318-0-2,-49.86324,-50.276524
mp-752888-0-2,-97.74482,-97.97022
mp-570763-1-12,-88.02343,-86.08851
mp-990084-1-0,-6.456392,-6.431799
mp-567944-0-36,-74.062126,-79.29765
mp-764953-1-1,-66.19685,-66.853325
mp-626037-1-14,-123.9139,-124.17921
mp-10886-1-0,-20.191925,-20.347635
mp-1014345-1-30,-127.67105,-119.13024
mp-1016069-0-0,-102.13678,-96.66516
mp-767644-0-2,-84.233376,-84.98905
mvc-12948-1-4,-71.7379,-72.71758
mp-1013525-1-2,-39.895237,-39.737785
mp-20203-0-2,-76.53498,-78.7281
mp-862669-1-0,-27.66688,-27.919588
mp-772007-0-2,-94.51453,-94.5014
